match_id,team_1_batting_strength,team_2_batting_strength,team_1_bowling_strength,team_2_bowling_strength,team_1_powerplay_batting_strength,team_2_powerplay_batting_strength,team_1_death_bowling_strength,team_2_death_bowling_strength,batting_strength_diff,bowling_strength_diff,powerplay_batting_strength_diff,death_bowling_strength_diff
335982,35.0,35.0,18.0,18.0,35.0,35.0,18.0,18.0,0.0,0.0,0.0,0.0
335983,35.0,35.0,18.0,18.0,35.0,35.0,18.0,18.0,0.0,0.0,0.0,0.0
335984,35.0,35.0,18.0,18.0,35.0,35.0,18.0,18.0,0.0,0.0,0.0,0.0
335985,35.0,20.284920634920635,18.0,13.166666666666666,35.0,26.764880952380953,18.0,16.125,14.715079365079365,4.833333333333334,8.235119047619047,1.875
335986,35.0,44.11929223744292,18.0,27.68333333333333,35.0,39.3,18.0,30.104166666666664,-9.11929223744292,-9.68333333333333,-4.299999999999997,-12.104166666666664
335987,44.959440559440566,26.336384439359268,14.25,8.014102564102563,47.1269000736106,35.879222408026756,17.8125,9.600961538461538,18.623056120081298,6.235897435897437,11.247677665583844,8.211538461538462
335988,27.840018315018316,50.01247790738777,21.833333333333336,24.75,32.50192307692308,39.09444444444444,31.125,26.4375,-22.172459592369453,-2.9166666666666643,-6.592521367521364,4.6875
335989,49.23284747659747,40.647478070175445,11.7,19.975,43.40934065934066,44.73996710526316,14.4375,20.75,8.585369406422025,-8.275000000000002,-1.3306264459225048,-6.3125
335990,19.94920006464124,37.497480103666504,14.776666666666666,12.854761904761904,30.757588612368025,35.60492021276596,20.958333333333332,14.389880952380953,-17.548280039025265,1.9219047619047611,-4.847331600397936,6.56845238095238
335991,39.978973177330694,41.95188778706056,15.551323529411766,12.655,41.6805765993266,45.10127140633109,20.350490196078432,10.9375,-1.9729146097298695,2.8963235294117666,-3.4206948070044874,9.412990196078432
335992,35.70269968399259,32.575770116273084,14.910626964433416,12.154,32.49320512820513,36.077759740259744,18.608333333333334,18.125,3.1269295677195075,2.7566269644334156,-3.5845546120546103,0.4833333333333343
335993,38.04869702665756,37.997412867741794,14.954999999999998,30.90772727272727,36.38747509800141,37.519999999999996,21.25,33.38257575757576,0.0512841589157631,-15.952727272727273,-1.1325249019985861,-12.132575757575758
335994,18.13937728937729,34.45987404240113,16.680095238095237,15.788897596656216,22.061660079051386,35.85520833333334,19.85,18.138257575757574,-16.320496753023843,0.891197641439021,-13.793548254281951,1.711742424242427
335995,41.37608492897464,37.18375007583865,26.225,18.060000000000002,36.79088669950739,41.21083333333333,24.8125,14.734432234432234,4.192334853135989,8.165,-4.419946633825944,10.078067765567766
335996,45.33931704442574,33.72628789962712,18.443333333333335,17.54060606060606,38.327211830131446,38.34583333333333,18.833333333333332,21.25,11.613029144798624,0.9027272727272759,-0.018621503201885048,-2.416666666666668
335997,32.4120327710639,27.06812956611434,24.006262626262625,12.219198717948718,34.76821581196581,31.30209330143541,26.368055555555557,14.002331002331001,5.343903204949559,11.787063908313907,3.4661225105304005,12.365724553224556
335998,36.635794710248895,30.327973674717096,20.80777777777778,13.629971177944862,37.03388568605737,32.52084312957158,29.104166666666664,18.300595238095237,6.3078210355317985,7.177806599832918,4.513042556485786,10.803571428571427
335999,34.78250391231333,33.676155062314294,18.236579365079365,18.98318181818182,37.466995210022105,38.125040849673205,24.875,19.315384615384616,1.106348849999037,-0.7466024531024544,-0.6580456396510996,5.559615384615384
336000,35.53306838880609,40.94765675451546,19.466572199730095,14.201237006237005,37.24105191256831,38.23374384236453,21.310897435897438,18.921734234234233,-5.414588365709363,5.26533519349309,-0.9926919297962229,2.389163201663205
336001,39.69635990513477,40.791343130499385,19.655562540296582,18.5735,42.492938269180414,32.30185070306038,26.9375,23.609375,-1.094983225364615,1.082062540296583,10.191087566120032,3.328125
336002,33.824931886791646,26.11547523841072,15.83385305864997,10.61960666784196,31.68116234221599,22.680752533121936,19.244530244530246,10.581427763413057,7.709456648380925,5.214246390808009,9.000409809094055,8.663102481117189
336003,25.856872534246616,43.89360113269112,21.653861064425772,18.770999999999997,30.956650234500703,43.413767627171886,23.593242296918767,20.332456140350878,-18.0367285984445,2.882861064425775,-12.457117392671183,3.260786156567889
336004,39.40858662910824,36.739445529771835,15.975318181818182,16.65669570267131,37.54220864251418,36.570738636363636,24.395833333333332,19.970238095238095,2.6691410993364073,-0.681377520853129,0.9714700061505468,4.425595238095237
336005,41.84557782382134,44.81803875954187,16.112000000000002,16.58844190185609,44.56927556196973,34.69444444444445,26.208333333333332,29.103070175438596,-2.972460935720534,-0.4764419018560879,9.874831117525282,-2.8947368421052637
336006,35.05209312580885,30.538482142576722,18.203181818181818,12.199855072463768,37.11075187969925,30.039009281678773,19.226503759398497,24.508333333333333,4.51361098323213,6.00332674571805,7.071742598020478,-5.281829573934836
336007,34.95726079452188,26.87301743779144,12.782069138590877,14.429237268039028,35.42014790764791,30.779431114551084,20.56547619047619,23.371376811594203,8.08424335673044,-1.6471681294481506,4.640716793096825,-2.8059006211180133
336008,30.812568200819804,38.32833820283028,14.203067938597352,21.622572062923826,29.91127697006527,37.49601715686275,20.505411255411254,35.876666666666665,-7.515770002010477,-7.419504124326474,-7.584740186797479,-15.371255411255412
336009,34.99624199096574,35.208575599253386,18.514020146520146,15.562999999999999,34.90982478097622,34.0864650309985,23.69642857142857,19.69102564102564,-0.21233360828764347,2.951020146520147,0.8233597499777261,4.00540293040293
336010,30.94369894201913,23.202293579930682,18.920454242087168,10.728704481792716,31.145288501452885,27.365812841530055,23.444540229885057,17.903466386554623,7.741405362088447,8.191749760294451,3.7794756599228307,5.541073843330434
336011,34.5287417375522,32.12534738708202,15.968849534720647,19.40998817751953,38.18153361344538,26.79267736892737,20.639059934318553,29.983809523809523,2.4033943504701796,-3.441138642798883,11.38885624451801,-9.34474958949097
336012,35.34774858216377,29.370920557603473,17.511543427460886,13.853650738459,31.10190999476714,27.32452449370553,19.74285714285714,13.195078903654485,5.9768280245602945,3.6578926890018852,3.7773855010616124,6.547778239202655
336013,33.79384687330319,38.34510856370756,18.31971638655462,20.1433031358885,34.17539499920291,38.99920634920635,40.45684523809524,19.41125541125541,-4.551261690404374,-1.8235867493338809,-4.823811350003439,21.04558982683983
336014,28.651077906190697,22.919380150160084,14.33494005916593,15.875596993096995,33.93008805597266,24.58772994642389,17.555131362889984,18.833333333333336,5.731697756030613,-1.5406569339310643,9.342358109548769,-1.2782019704433516
336015,37.98040490184089,34.77737757171672,18.924632034632033,17.146360242475332,36.19475008989572,35.5404347826087,20.875,22.689516129032256,3.203027330124172,1.7782717921567013,0.6543153072870211,-1.8145161290322562
336016,41.14916412977356,26.761168715229868,17.96773198669141,12.162538174316307,34.56030612244898,29.54895883102405,18.92571183393266,15.868181818181817,14.387995414543692,5.8051938123751015,5.011347291424929,3.0575300157508423
336017,37.49396225627155,32.81013160626177,19.23842193883923,16.697012335054502,36.87321723243753,30.014128151260504,24.846829813006284,17.970238095238095,4.6838306500097815,2.5414096037847287,6.859089081177029,6.876591717768189
336018,33.66096010476797,33.87977001578466,22.989618747265805,17.876949579831933,34.04253082005427,30.310266981547453,43.92708333333333,21.258766233766234,-0.21880991101668457,5.112669167433872,3.732263838506814,22.668317099567094
336019,37.186852646206695,34.43237914462066,17.71014474081082,12.198095820174768,32.93560133390706,32.54278612461334,20.067429663359896,12.463069605832763,2.754473501586034,5.512048920636051,0.3928152092937154,7.604360057527133
336020,35.1118853863701,34.38900288849171,15.66160753171275,17.815801067525523,37.639627659574465,34.734313725490196,18.81946864111498,24.652380952380952,0.7228824978783877,-2.154193535812773,2.905313934084269,-5.8329123112659715
336021,32.116030518237174,28.115725754950518,31.118214573268926,13.670050577440279,29.981438688999173,25.791511790459268,29.49346405228758,15.550297619047619,4.000304763286657,17.448163995828647,4.189926898539905,13.943166433239963
336022,34.135130096080324,38.322197421376515,21.138092706352992,20.80755203796034,35.29617342300461,35.61087546123565,25.467514124293785,21.722645502645506,-4.187067325296191,0.33054066839265417,-0.31470203823104015,3.74486862164828
336023,38.82893633236687,34.0757762020627,20.47733216810508,13.828411610559902,29.624170988527425,38.37916666666667,28.063706563706564,19.864285714285714,4.753160130304174,6.648920557545177,-8.754995678139245,8.19942084942085
336024,36.999830491356,30.594006214437726,14.869740075383556,16.47691399678151,40.57551368865589,31.42139406801259,20.419811320754718,25.20073924731183,6.405824276918274,-1.607173921397953,9.1541196206433,-4.780927926557112
336025,22.4214521535069,28.695424671609572,15.763263155630804,20.54313113908637,22.905860805860808,25.856117705238443,33.172619047619044,19.638147194361615,-6.273972518102674,-4.779867983455565,-2.950256899377635,13.534471853257429
336026,34.47550609950881,26.084208668189575,17.685200037071585,14.475940934065935,34.99985476448839,26.67995472837022,25.01459942084942,18.032738095238095,8.391297431319238,3.2092591030056496,8.31990003611817,6.981861325611327
336027,30.921480293059457,33.29845911484263,16.360963266202397,20.546302053606215,28.427086090432866,30.913503170289857,23.72904432523998,26.385135135135137,-2.3769788217831724,-4.185338787403818,-2.4864170798569916,-2.656090809895158
336028,37.06469440222898,36.011297611024794,15.218194444444446,17.579661024599414,38.16513252768893,37.18416223927588,18.19982638888889,19.44202380952381,1.053396791204186,-2.3614665801549677,0.9809702884130544,-1.2421974206349198
336029,35.321556222384366,32.23881592795119,16.49951126291338,11.22574865519699,35.86130097053484,33.91469003380963,30.884848484848487,11.688588106462749,3.0827402944331794,5.273762607716391,1.9466109367252145,19.196260378385738
336031,30.8621156316199,39.91273029322438,13.969150464424558,19.31961075036075,27.243451403014657,37.381834537651464,18.91034382284382,22.570784457478005,-9.050614661604477,-5.35046028593619,-10.138383134636808,-3.6604406346341847
336032,34.401895358222795,37.47015863519705,17.37341315920321,17.35482805007883,34.317567744755245,42.8869038289297,26.522962096905758,20.274656593406593,-3.068263276974257,0.018585109124380494,-8.569336084174452,6.248305503499164
336033,31.64302089698508,30.32168449191452,16.662191976152503,16.328313766220013,33.66664592456416,32.587157526412355,31.937229437229437,20.520742773835554,1.3213364050705607,0.3338782099324895,1.0794883981518026,11.416486663393883
336034,30.53689988779591,28.349535775044462,14.545995068365647,11.296894736842106,34.9226171828327,28.964967252333516,22.011029411764707,20.5,2.1873641127514496,3.2491003315235414,5.957649930499187,1.5110294117647065
336035,30.67844353519546,36.94634492773104,15.385373661204449,19.01208270143669,26.92229789642652,38.04756900813678,20.59967217711783,22.3871996996997,-6.267901392535581,-3.6267090402322406,-11.125271111710262,-1.7875275225818683
336036,32.99289373535066,36.613195842777195,16.584879112370807,19.43431704596923,35.89349110856464,34.17903020892152,19.365078236130866,30.725823283858997,-3.6203021074265322,-2.8494379335984235,1.7144608996431216,-11.36074504772813
336037,30.017472613765204,30.284467794093587,15.342689268461006,13.57446117719005,32.04960972860482,32.6023049874042,30.254960317460316,17.452455652455654,-0.266995180328383,1.7682280912709558,-0.5526952587993819,12.802504665004662
336038,34.81067365793416,34.42235722478717,20.051729742988545,21.09977620911916,35.846270221826764,31.694898813486336,29.652418473509353,32.432039272203205,0.38831643314698994,-1.0480464661306144,4.151371408340427,-2.779620798693852
336039,29.264589802107682,38.2240438484785,16.536961455211458,17.07832367797112,29.155381400208984,37.39263548951049,32.17629453879454,18.312372220802455,-8.95945404637082,-0.5413622227596626,-8.237254089301505,13.863922317992081
336040,30.904246753925452,38.375554902245916,17.202999897004904,22.02505722140945,32.91361774268407,33.136297200231276,30.202380952380953,29.815281030444964,-7.471308148320464,-4.822057324404547,-0.22267945754720841,0.3870999219359881
392181,36.619924255536745,34.406706560434834,16.198857289107288,18.963324393234167,34.73986175115208,35.91476776964964,15.921875,33.86427738927739,2.2132176951019105,-2.7644671041268793,-1.1749060184975662,-17.94240238927739
392182,37.2628201011352,33.992849145153315,20.89155244755245,15.355040342973567,35.408887071491854,36.57263301214914,19.29992603550296,14.936538461538461,3.269970955981883,5.5365121045788825,-1.1637459406572859,4.3633875739644985
392183,39.32320983405211,30.63208943639695,17.759912243553547,15.746702335312984,37.619841269841274,34.73457341269842,26.664579468150897,18.415521978021978,8.691120397655158,2.0132099082405635,2.885267857142857,8.24905749012892
392184,32.4550967837414,34.25638164846318,15.200401814151814,15.225977716727716,25.04035043594903,35.14175101214575,19.726488095238096,17.275,-1.8012848647217794,-0.02557590257590192,-10.101400576196717,2.4514880952380977
392185,34.65548713686907,32.52968927735305,18.003486914552234,18.30801415285729,32.41075226325226,33.76152777777778,36.958333333333336,17.47621753246753,2.1257978595160196,-0.3045272383050559,-1.350775514525516,19.482115800865806
392186,26.181747196189093,30.92226889740013,10.831483302675185,9.148603721986074,23.85950234047795,35.382735358511226,14.768762939958592,9.015625,-4.740521701211037,1.6828795806891108,-11.523233018033277,5.753137939958592
392188,33.92381447437419,26.95076363100011,14.718387351087586,21.932447151391337,31.056215358433345,26.08310625185625,18.383653846153848,23.061507936507937,6.973050843374079,-7.214059800303751,4.973109106577095,-4.677854090354089
392189,35.58639148831704,31.00964914023795,18.433331743878405,16.693990637749728,34.12840128621379,33.81763380253094,29.465888278388277,15.999873353596758,4.57674234807909,1.739341106128677,0.3107674836828451,13.46601492479152
392191,29.799367298959574,27.849229863177957,12.492510905773097,19.113094114691382,33.63699494949495,28.48188902604788,15.288194444444445,14.149965659340658,1.9501374357816168,-6.620583208918285,5.155105923447067,1.1382287851037862
392192,33.13771505547739,33.72618074125913,17.30138246875535,25.053684820081877,29.640619476945545,33.9261395642303,21.269142316017316,37.4546568627451,-0.5884656857817347,-7.752302351326527,-4.285520087284752,-16.18551454672778
392194,33.279084228322965,26.704858109653756,16.80902353792583,12.27905869906489,35.977565052700925,27.955267839962147,17.12410483061149,9.972971472971473,6.574226118669209,4.529964838860941,8.022297212738778,7.151133357640017
392195,32.25162378499085,33.71439332874854,13.861941545963296,18.54832212938519,34.052689659197014,34.893330479452054,21.244815233785822,16.682205340699817,-1.4627695437576946,-4.6863805834218955,-0.8406408202550395,4.562609893086005
392196,34.9255396360783,33.113481666982274,18.64512848927417,18.949573203640433,33.96993524813698,31.102912077313967,28.77651270298329,25.85067873303167,1.8120579690960241,-0.3044447143662623,2.8670231708230105,2.9258339699516185
392197,35.63887154744357,34.16452264143069,14.629512077294686,25.315858677543247,36.06438294010889,35.20436450805516,19.407850241545894,48.732226107226104,1.474348906012878,-10.68634660024856,0.8600184320537352,-29.32437586568021
392198,35.56273628694086,31.15454120768366,20.296205613903716,19.477486537101072,37.037801659125186,32.14422587216705,20.87099642941804,19.2556870715766,4.408195079257201,0.818719076802644,4.893575786958138,1.61530935784144
392199,31.738096408672956,27.809764141159892,11.1316568330905,17.31347214459933,32.61236706841545,26.18821733821734,13.829418498168499,14.283823529411766,3.9283322675130634,-6.1818153115088315,6.424149730198113,-0.45440503124326703
392200,34.76123571534418,32.87580553682913,24.863730547018832,15.223045371281467,35.498566435093366,34.75697115384616,38.62202380952381,17.767261904761906,1.8854301785150511,9.640685175737365,0.7415952812472071,20.854761904761904
392201,36.494094594958966,33.624714922214025,18.099978354978354,18.061112095366745,33.732049469964664,34.92518947331959,22.349900793650793,16.144428733031674,2.869379672744941,0.038866259611609166,-1.1931400033549266,6.205472060619119
392202,35.23297289297781,27.359350022617775,18.994702780620827,20.32065404040404,35.31630050135724,29.404162691101313,27.135416666666664,22.86875,7.8736228703600375,-1.3259512597832135,5.912137810255928,4.266666666666666
392203,31.11655084544905,34.75284362321815,15.395950920448788,20.77895363281814,33.34946060080481,36.00207395950506,20.772027541424094,37.86840659340659,-3.6362927777690963,-5.383002712369352,-2.6526133587002505,-17.096379051982495
392204,32.34097275570988,29.06487819671079,17.19887340651377,16.694642362941362,35.11837359943978,28.547168427230048,19.943512426900583,23.469155844155843,3.2760945589990875,0.5042310435724069,6.57120517220973,-3.52564341725526
392205,33.88675227759793,34.770154420344575,17.22069309611311,18.308090852130327,31.803812205703657,35.2474358974359,21.580304928989143,16.108253588516746,-0.8834021427466467,-1.0873977560172179,-3.443623691732242,5.472051340472397
392206,37.607181601931266,31.67334916177617,19.34560108692532,15.89005670715772,36.14859138811467,32.71270627850875,30.03858072074984,13.137987012987013,5.933832440155097,3.4555443797676,3.4358851096059198,16.90059370776283
392207,28.229679526025837,27.480211552102038,15.105052814801093,18.22408619278313,25.79328748923812,34.086398809523814,19.7369227994228,22.17982456140351,0.7494679739237995,-3.1190333779820367,-8.293111320285693,-2.4429017619807105
392208,29.37263687427394,24.376731568875773,21.332959972337743,17.785243940725557,30.737307940860457,21.718842534649795,34.54607892107892,24.648342611336034,4.995905305398168,3.547716031612186,9.018465406210662,9.89773630974289
392209,35.28135710049663,35.8927820266916,27.997720334470337,18.855216114593812,33.855067906002034,34.63202349430505,38.716018907563026,21.376879699248118,-0.6114249261949709,9.142504219876525,-0.7769555883030179,17.339139208314908
392210,29.642146325922795,27.091451943022502,19.16533784599797,18.7145994919868,33.337695802005015,29.905983988556663,22.147674418604648,23.65389002447826,2.550694382900293,0.4507383540111718,3.431711813448352,-1.5062156058736136
392211,35.69655497264855,26.39781104940875,17.676137713908382,12.880473786064039,35.46572172803629,20.623835725677832,18.603124459560732,14.120315539723434,9.298743923239797,4.795663927844343,14.84188600235846,4.482808919837298
392212,33.04737127043993,31.306194512758264,13.61115421128579,19.105042654909685,35.11552247637205,32.71606203857019,18.013110427584113,31.76661573720397,1.741176757681668,-5.493888443623895,2.3994604378018565,-13.753505309619857
392213,34.15307273058044,31.98424782197219,25.01322747747748,21.83168879382782,26.67001758961298,30.41610403703466,24.772727272727273,26.567024886877828,2.1688249086082507,3.1815386836496593,-3.746086447421682,-1.7942976141505547
392214,34.59634690703952,25.56665991640539,27.88969766351992,18.147858156159465,34.11359352626422,28.058304357679358,37.79092492260062,24.027742346938773,9.02968699063413,9.741839507360456,6.05528916858486,13.763182575661844
392215,34.41853725899585,28.98184227608485,16.192213736838532,19.662547114426484,35.420897113796,28.740234385986703,17.28043010360426,30.260995660559306,5.436694982910996,-3.470333377587952,6.680662727809299,-12.980565556955046
392216,35.20771157041216,29.554100460088716,19.606382156829525,16.202338285883574,28.423415555892337,32.820376881701556,22.225563909774436,14.283495255809836,5.6536111103234425,3.4040438709459515,-4.396961325809219,7.942068653964601
392217,33.25567852376804,31.55591342614838,23.65204332183845,24.91913659076591,30.661131070964093,29.759663773870365,33.89044117647059,38.31374935894185,1.699765097619661,-1.2670932689274608,0.9014672970937276,-4.42330818247126
392218,26.780929140990366,30.553820435254966,18.853979324437667,13.379022800687505,21.82214041557628,29.29866188688529,29.357591925195084,16.180555555555557,-3.7728912942646,5.474956523750162,-7.476521471309013,13.177036369639527
392219,33.64022773451548,28.96942746262115,17.78289794509888,13.278122798622949,32.65285061448481,27.185580027484352,19.327218882602544,14.811675824175824,4.670800271894326,4.504775146475932,5.46727058700046,4.51554305842672
392220,37.259619178077934,31.186620179519963,16.433887094370828,15.608508605923566,34.0542665788318,31.106210709580274,18.27206144874643,12.265193069514435,6.072998998557971,0.8253784884472619,2.948055869251526,6.006868379231996
392221,23.858688907664988,27.578259964509886,11.85794503799867,10.163365684483072,26.989012100941096,26.681393944543522,11.876785714285715,8.121202153110048,-3.7195710568448987,1.6945793535155982,0.3076181563975737,3.7555835611756674
392222,26.916116925468422,31.34883227012781,18.895014470277765,15.96310605635706,23.10366163044634,33.07432110682111,28.367825486358928,13.438223422752111,-4.432715344659389,2.9319084139207057,-9.97065947637477,14.929602063606817
392223,36.04232102119068,34.025527982231445,15.770771660664016,19.194615251105102,34.14052589839355,35.172531997911676,17.376188762218174,19.380236800828293,2.0167930389592357,-3.423843590441086,-1.032006099518128,-2.0040480386101187
392224,35.66248710166106,29.811954269021104,22.55940963390919,12.862618926348128,34.68380347500978,29.08276499122915,31.074609010270777,14.366505205320994,5.850532832639953,9.696790707561062,5.601038483780631,16.708103804949783
392225,32.267850183080014,31.5289602598842,18.523865788315543,16.218390494725067,34.32576794670605,30.70287668798863,29.307860276977923,14.040719696969697,0.7388899231958135,2.305475293590476,3.62289125871742,15.267140580008226
392226,33.467394268454825,30.07197683924971,20.47464516838682,15.173479628515782,33.72662568929882,32.85528731490373,25.580518253304867,13.304941999176888,3.3954174292051142,5.30116553987104,0.8713383743950942,12.275576254127978
392227,33.957289359332975,28.698253610406994,20.707709840883755,17.093828914663607,32.61597449737212,30.497894261704772,27.556304112554113,26.827932258659814,5.259035748925982,3.6138809262201477,2.1180802356673496,0.7283718538942985
392228,32.99156756873417,29.682420394548426,13.33270213324225,14.050014545699081,28.30183842807606,26.505046090273364,17.08770832664333,13.192220608339028,3.3091471741857426,-0.7173124124568311,1.796792337802696,3.8954877183043024
392229,33.45265985055,29.64581304075763,17.275740913480735,16.309348032494103,28.180457042716284,32.13969765803911,19.393172416828023,16.227548786207223,3.8068468097923684,0.966392880986632,-3.959240615322827,3.1656236306208
392230,31.33666677604421,30.221552496469954,19.269926665901224,22.325554116724327,32.53708850073157,28.188229104229105,22.940266923342143,26.413408149821194,1.1151142795742572,-3.0556274508231027,4.348859396502466,-3.4731412264790507
392231,31.718734527687,28.725448303403873,18.995130906135966,13.475701430207119,32.89823660396848,22.231296813198792,25.30189604445897,12.7296918767507,2.9932862242831284,5.519429475928847,10.666939790769685,12.572204167708271
392232,33.54252456190951,28.922802828433753,20.908275714723864,12.54423452135024,34.823104787607214,23.32720631733277,21.120168067226892,14.801223776223777,4.619721733475757,8.364041193373623,11.495898470274444,6.318944291003115
392233,30.839576084202463,27.54606384786963,12.934550399347902,20.072450939064176,30.016371326197387,28.15632316757317,16.163642278773857,25.213561940067965,3.293512236332834,-7.137900539716274,1.8600481586242168,-9.049919661294108
392234,33.4489582171385,28.821949654001198,16.369338951872113,15.094097180039785,33.62938302174017,30.947136778583484,19.785485347985347,16.23071840663908,4.627008563137299,1.2752417718323272,2.6822462431566834,3.5547669413462657
392235,31.947510198886466,29.893746259806004,17.98687288207435,15.892527723154041,33.85837170401557,32.964852103585365,21.857923222610722,24.79942959554798,2.0537639390804614,2.0943451589203104,0.8935196004302028,-2.9415063729372584
392236,31.752466651319782,25.371081081689297,16.05088035796506,13.399076621042587,28.4292959356748,24.917913216011044,19.83215852130326,14.905236801242236,6.381385569630485,2.6518037369224725,3.5113827196637573,4.926921720061024
392237,30.321167240114903,32.17045861760293,13.727877455616124,18.40356290064359,28.74146786848629,33.881689138024825,19.180388864009554,19.545642386328907,-1.8492913774880293,-4.675685445027465,-5.140221269538536,-0.36525352231935315
392238,32.594860986903385,28.99685257941451,18.84419656207674,13.851708498394805,33.74623881286044,24.984302116659713,26.486306366047742,15.442556022408963,3.598008407488873,4.992488063681934,8.761936696200728,11.043750343638779
392239,31.761847556765193,30.61181643288082,15.009199436965165,14.409624653348578,29.15098463679992,27.069606278514563,20.12522384456478,16.840515894712176,1.150031123884375,0.5995747836165872,2.081378358285356,3.284707949852603
419106,34.24899541428013,29.937181931863382,17.089656544652307,19.824729853950977,33.67576595665589,29.536217948717947,17.211227178618483,23.00455942790876,4.311813482416749,-2.73507330929867,4.13954800793794,-5.793332249290277
419107,32.81597413552553,30.694657572284797,17.405956508232048,18.59667209059869,35.16388888888889,33.2139846743295,23.56591523838811,20.943103448275863,2.1213165632407325,-1.1907155823666429,1.949904214559389,2.622811790112248
419108,30.654882804150976,31.470327123322516,21.601197732514656,17.14819347156609,32.17862482791793,32.52680793441663,26.689088208227588,20.88839200417069,-0.8154443191715401,4.453004260948568,-0.348183106498702,5.800696204056898
419109,28.870202543840684,28.78728298940763,19.278988262126433,15.444995211163512,26.712403497770346,27.39917808595479,18.77831765935214,19.465289217423944,0.08291955443305454,3.8339930509629205,-0.6867745881844449,-0.6869715580718037
419110,36.182823129819454,30.22631209101212,20.336616737550948,17.999495025909432,35.697282278838756,28.555500751415124,26.399825174825175,17.665890439140377,5.956511038807335,2.3371217116415153,7.141781527423632,8.733934735684798
419111,29.90675260408059,30.365889749368193,20.69697487592885,20.6573772196491,31.712565282818645,32.65879717814302,22.445075757575758,32.90486230636833,-0.4591371452876025,0.039597656279749316,-0.9462318953243738,-10.459786548792572
419112,24.68902833086882,26.642707296862174,18.73432796615358,15.13754161558713,25.894331952128056,19.86122226784277,22.506736354416375,18.462131573277084,-1.9536789659933547,3.5967863505664486,6.033109684285286,4.044604781139292
419113,32.21632318976492,34.29926646744598,16.845363660971874,15.990991769356,30.80415142285003,36.842583671399595,22.801131256715966,26.308669822314595,-2.0829432776810606,0.8543718916158731,-6.038432248549565,-3.5075385655986295
419114,32.29258923239559,36.20193023402378,18.09190285816995,17.357759554679525,34.568656589673914,43.131243996157544,19.424241683369974,26.139441349934472,-3.909341001628185,0.7341433034904234,-8.56258740648363,-6.715199666564498
419115,35.070381907878065,31.020793625804874,14.32705271744212,15.283549141526288,36.178084415584415,25.82642096242779,11.004132863397508,17.897458412371417,4.049588282073191,-0.9564964240841682,10.351663453156625,-6.893325548973909
419116,31.57234614904755,29.284939208427247,19.134966961942496,19.534921477651487,32.616148577179146,32.71392311515303,22.342406304247376,22.20813301282051,2.287406940620304,-0.3999545157089912,-0.09777453797388347,0.13427329142686517
419117,31.644572334196514,34.42832510445648,19.273208942620954,15.778234314594963,28.395952369308976,32.772180134680134,17.403331201272074,18.43048128342246,-2.7837527702599694,3.4949746280259912,-4.3762277653711585,-1.027150082150385
419118,24.397508736187543,30.437039808985343,13.160510066994053,15.450602599784366,26.762562980497762,32.70889136904762,16.904981684981685,16.936085250091274,-6.0395310727978,-2.2900925327903128,-5.946328388549858,-0.031103565109589226
419119,35.112220539798535,29.196272256091277,17.92488229167632,16.77285836960453,39.58118910105296,24.72668640456774,25.845696878461666,19.603439307587333,5.915948283707259,1.1520239220717876,14.854502696485223,6.242257570874333
419120,33.92877513282316,31.19901992726218,19.366727277741372,19.38197355555685,31.475204780873675,34.20023186616049,19.70640350877193,30.332624513219923,2.7297552055609806,-0.015246277815478493,-2.7250270852868184,-10.626221004447991
419122,27.37139681405538,28.558753648711207,12.275941709936982,14.460232145826058,28.288965048658753,28.38162457716316,18.638148680524843,24.424211458298736,-1.1873568346558265,-2.1842904358890767,-0.09265952850440584,-5.786062777773893
419123,31.544596845965682,30.544428812025572,15.624705855745066,17.41838933018966,32.53776289100032,24.871619215790904,18.217410620162042,20.660856427332085,1.0001680339401098,-1.7936834744445953,7.666143675209415,-2.4434458071700433
419124,33.40685780836467,28.799675950243863,15.379247123088893,13.517502952597841,31.880855072463767,35.08173878157858,18.67465805894479,13.830765468937205,4.607181858120807,1.8617441704910522,-3.2008837091148123,4.843892590007584
419125,31.12211475756554,32.390539785942565,18.38376831292769,14.41800056634493,27.547350686995664,32.978645648118345,21.963557993730408,24.541253361416054,-1.268425028377024,3.9657677465827597,-5.431294961122681,-2.5776953676856458
419126,34.03930321926501,30.34302717819885,22.154708288713362,13.389310553260376,31.385321423111243,28.028726479470187,23.533251675261184,17.66935096153846,3.6962760410661595,8.765397735452986,3.3565949436410563,5.863900713722725
419127,29.28457316942894,31.298141911549383,10.389115026321893,13.73225011041436,30.901206927285813,29.773331703427743,15.619803184431667,16.70563754927322,-2.0135687421204445,-3.3431350840924683,1.1278752238580694,-1.0858343648415527
419128,29.065635106097336,31.07750197680507,13.51468910955152,17.032314017359653,34.86699668856091,24.824333575494975,14.082294498137522,20.585611450156446,-2.0118668707077347,-3.5176249078081323,10.042663113065935,-6.503316952018924
419129,34.951403384252934,35.71347430802529,18.218055939758372,15.831502456538384,34.900848581295,38.288687654920615,20.35088932806324,20.152804290304292,-0.762070923772356,2.3865534832199877,-3.3878390736256137,0.19808503775894692
419130,33.98094995266462,32.90349677605678,16.17235278400586,15.063941313970972,31.390730799677,33.96106339297677,20.511508401338713,23.425023759455158,1.0774531766078468,1.1084114700348877,-2.570332593299767,-2.9135153581164452
419131,36.91554244206214,30.667703387331972,17.93262898475213,17.86316327629164,40.799232039126366,30.949226459814696,22.79612107651011,16.976080984233157,6.247839054730168,0.06946570846049127,9.85000557931167,5.820040092276955
419132,31.471434600094124,35.93652004765153,16.654404940381312,14.626023087741373,32.67126533542259,31.787387786828614,24.268206489922207,17.444587923145797,-4.465085447557403,2.0283818526399386,0.8838775485939756,6.82361856677641
419133,32.75927836097885,29.474564511800484,19.57047654266909,17.90114946823838,33.59366467270143,24.432628669036895,26.51814516129032,19.74852124584902,3.284713849178363,1.6693270744307114,9.161036003664535,6.769623915441301
419134,39.241006463318406,34.578046481678165,19.674008620689655,15.294916023306282,41.434733561341574,35.05681914984241,26.759375,20.819783297934556,4.662959981640242,4.379092597383373,6.377914411499162,5.939591702065442
419135,30.27108570222188,29.29346146026062,12.830283425770762,14.194564623298684,27.70868494949171,29.136630951006286,12.1619956764137,18.83233098423316,0.9776242419612622,-1.3642811975279212,-1.4279460015145773,-6.67033530781946
419136,33.05712144004105,30.12625057390704,15.990567212098359,17.567004827606837,29.989781908879824,24.514863674595333,17.299067705489357,20.109153538000974,2.9308708661340113,-1.5764376155084783,5.474918234284491,-2.810085832511618
419137,33.343913068678226,32.80439998320153,16.056661142130853,17.97816307830113,33.31997548716789,29.795268642647674,17.577719155844157,27.909358859196047,0.539513085476699,-1.9215019361702765,3.524706844520214,-10.33163970335189
419138,33.45554989195268,31.168254490085676,16.389957098320753,16.95541202221628,32.67995241088264,30.32771403181037,18.414469186019563,24.896202434581202,2.287295401867002,-0.5654549238955262,2.352238379072272,-6.481733248561639
419139,29.70153993981028,30.42569849721205,14.529456350568926,13.917766158487492,26.753452362977548,26.14403629607387,17.45814673831915,16.430891106442576,-0.7241585574017684,0.6116901920814346,0.6094160669036768,1.0272556318765744
419140,37.0882541877961,34.614908957273,19.443294518401263,13.98478491049506,36.24048791964769,29.860537127287465,18.569885116208646,12.164417196396615,2.473345230523101,5.458509607906203,6.379950792360226,6.405467919812031
419141,30.007377994093527,35.32751916841148,15.235023793578762,15.324418631473396,30.780886047407453,32.6090602732321,21.518216042912435,16.194424019607844,-5.32014117431795,-0.0893948378946341,-1.8281742258246503,5.323792023304591
419142,39.272618598782394,34.165224124585386,20.415959595959595,18.465085385116446,33.40499848375936,34.501273208848126,22.856154755648976,23.73248626894042,5.107394474197008,1.9508742108431498,-1.0962747250887688,-0.8763315132914435
419143,32.68106084836901,33.90255292329067,13.649334808082347,19.274594216277226,30.028451982426184,30.18997458803624,17.451171219977812,21.640053889034668,-1.2214920749216631,-5.625259408194879,-0.16152260561005605,-4.188882669056856
419144,37.95112707887527,33.290980047968446,20.32837997014159,10.532768196405868,34.8699201832043,29.797376574573857,20.597762434933486,12.127160345095733,4.6601470309068205,9.795611773735722,5.072543608630443,8.470602089837753
419145,31.445877062423687,34.24851556349734,18.339309749869876,15.1269167412491,27.566213354105297,26.47508594026158,22.985659366262816,19.38140338704289,-2.8026385010736554,3.2123930086207757,1.0911274138437186,3.604255979219925
419146,33.022350421749316,30.648971857443158,18.375598962248663,13.248673640288388,32.58892328703585,30.71944330032786,25.21078649323076,17.768326080317607,2.373378564306158,5.126925321960275,1.8694799867079865,7.442460412913153
419147,38.85479411228628,32.200631191189814,19.465224707354118,16.493921844973343,34.49172860791826,31.6739540397757,27.02803152345037,21.56248058124828,6.654162921096464,2.9713028623807745,2.8177745681425606,5.465550942202089
419148,34.046334402574125,34.71412011403909,11.98505545797445,16.862140735877915,30.452084517535525,27.935643296788342,13.5808317432193,19.742307571093242,-0.6677857114649655,-4.877085277903465,2.5164412207471827,-6.161475827873943
419149,34.51869735362785,33.4544089590624,19.014466798432103,16.204885476600698,33.983264582251515,29.023278127902955,20.714193316392993,20.069628677917446,1.0642883945654518,2.8095813218314056,4.9599864543485594,0.644564638475547
419150,31.426300439111714,36.663082044609894,17.795474728672325,18.304151720562157,32.51492555421073,33.78304507625981,25.49331219389341,19.997726434464735,-5.23678160549818,-0.508676991889832,-1.2681195220490835,5.495585759428675
419151,33.62930110839747,33.80768662852786,17.302356869036977,14.644719878003727,31.745520043899145,26.489740614379787,24.00133615214814,16.58871266262102,-0.17838552013039077,2.6576369910332502,5.255779429519357,7.412623489527121
419152,32.847276188465784,33.16900041909897,18.07289167724515,20.424129947835763,33.4508206219412,31.034937030054436,25.808295532765648,23.53718346870521,-0.3217242306331869,-2.3512382705906134,2.415883591886761,2.271112064060439
419153,41.191750945552265,34.74092965910251,18.01596817071817,10.739607322945,32.61400328621125,30.564174981637557,21.72034632034632,14.589264502100638,6.450821286449752,7.276360847773171,2.049828304573694,7.131081818245681
419154,36.60536613882045,32.35604793949501,13.912079377709361,13.526354698908595,34.556670407964084,27.574869774861305,17.402413530321475,16.349790227711313,4.249318199325444,0.38572467880076644,6.981800633102779,1.0526233026101615
419155,37.57120607605006,30.987990380554795,18.84649412705513,15.297353436424043,33.65254016513552,33.69958657638295,25.25675770308123,19.45130868403088,6.583215695495266,3.549140690631088,-0.04704641124742892,5.80544901905035
419156,31.24562496555325,36.79946902597793,19.4277644698553,14.498659508976672,31.23005195164349,28.006811731886224,25.088264758497317,16.816024930354196,-5.553844060424677,4.929104960878629,3.2232402197572654,8.272239828143121
419157,30.38926871200651,32.15825478678861,18.41992959377558,14.32309762206474,31.274045566502465,28.992113317903154,23.198968253968253,15.99473137893493,-1.7689860747821022,4.0968319717108415,2.281932248599311,7.204236875033324
419158,34.20335517639428,33.77200273782556,10.8145520638342,17.152667685442594,27.389222984258407,30.692702523149,13.50714763491206,18.303094688085615,0.4313524385687231,-6.338115621608395,-3.303479538890592,-4.795947053173554
419159,34.762422881089556,37.31196796906072,19.317562154581324,13.539483641532021,33.17863960565059,27.531498348509366,21.07221283783784,19.841106823164047,-2.549545087971161,5.778078513049303,5.647141257141222,1.2311060146737915
419160,31.04514311141563,30.88652922082643,17.554066476254512,16.816218204861425,30.298655571113365,32.304817637857546,16.407460501021266,20.21387725376051,0.1586138905892014,0.7378482713930872,-2.0061620667441815,-3.8064167527392456
419161,33.835128536227565,31.907757375801513,15.426219249974887,19.058065515217365,23.533368863840565,30.11917600373483,14.920887383293397,21.06149825783972,1.927371160426052,-3.631846265242478,-6.585807139894264,-6.140610874546322
419162,33.9206509361913,32.179350089584695,21.409657734749402,14.874534994232857,31.38333141159063,28.731340326340327,26.667511805170957,19.273488717831516,1.741300846606606,6.535122740516545,2.6519910852503017,7.394023087339441
419163,34.82194290575882,33.41543764305169,18.70047895235253,19.01325902292203,33.24342654672745,31.56659317536787,18.818257867257525,23.058490699730367,1.4065052627071282,-0.31278007056949875,1.676833371359578,-4.2402328324728416
419164,31.108924438297493,32.668956444313864,17.83356461857212,15.23727401017631,32.31777358245768,26.571016524796164,17.5478563349313,19.789527528259086,-1.560032006016371,2.596290608395808,5.746757057661519,-2.241671193327786
419165,33.11344261328323,35.4698291069712,19.983986978515883,22.32160250300535,33.00245304629398,32.84677100357601,21.238469274485187,27.33905313833172,-2.356386493687964,-2.3376155244894683,0.15568204271797015,-6.100583863846534
501198,31.06109531166251,29.25408910181062,18.230048647501995,12.337007791317557,32.366111512288924,28.7070725742079,17.04937906564163,21.189360943934116,1.8070062098518882,5.893040856184438,3.659038938081025,-4.139981878292485
501199,31.512334811719658,22.008784609448657,18.04132450214258,19.57807932651419,30.018070546344724,16.623340177506847,17.45129594366796,25.988906926406926,9.503550202271,-1.5367548243716094,13.394730368837877,-8.537610982738965
501200,32.2418900892388,30.884884915133103,16.415115718684344,13.783794276979558,29.96832438962201,30.01037878787879,20.632717002585757,20.580457394011958,1.3570051741056979,2.6313214417047863,-0.0420543982567807,0.052259608573798744
501201,31.96161673969354,34.59748337899141,14.299460679271524,20.386346343829604,33.31364068562621,26.531547886647672,17.050272748719774,22.704127709307265,-2.6358666392978733,-6.08688566455808,6.782092798978539,-5.653854960587491
501202,27.287107362598544,33.098731983323425,16.338245356793742,12.947130189610368,24.89092231513262,34.030938436584556,17.0,14.562700325483675,-5.811624620724881,3.391115167183374,-9.140016121451936,2.437299674516325
501203,30.18137412493364,29.886792682818474,17.076957803341198,14.537314004681196,28.255630500922457,28.375822023843874,16.295102093839443,20.991878804161637,0.2945814421151667,2.539643798660002,-0.12019152292141655,-4.696776710322194
501204,26.636745990301126,28.536783500664416,14.764718061125805,20.640712846972548,30.13695114144056,26.955056807259968,18.03569935811315,32.049194142921756,-1.9000375103632905,-5.875994785846743,3.1818943341805905,-14.013494784808607
501205,24.95925844312757,34.0979645233374,20.250432470343704,10.964711025760185,19.668817985470252,35.40550144300145,22.667328524725633,17.677969056578473,-9.138706080209833,9.285721444583519,-15.736683457531196,4.9893594681471605
501206,33.42072295795166,28.201932792278814,17.90176558715013,15.996763840906926,29.54889883630245,29.98265741525889,25.12959161624892,20.593499574121353,5.218790165672846,1.9050017462432045,-0.4337585789564393,4.536092042127567
501207,30.988626733316035,28.52199275812411,14.857539524990909,21.237326814428506,27.36509626035007,28.708810998525284,18.65696228374816,17.641246684350133,2.4666339751919253,-6.379787289437598,-1.343714738175212,1.0157155993980282
501208,28.0845649683245,32.607541040622756,12.768899205713828,15.849300633649582,29.183614747080274,33.11666666666667,14.468989458634585,19.36096256684492,-4.522976072298256,-3.0804014279357546,-3.9330519195863936,-4.891973108210333
501209,30.46746847990717,31.495731901125705,15.047102045533506,21.856216009113844,29.51705775380574,27.21949264445232,20.287686335403727,27.104557387176577,-1.0282634212185364,-6.809113963580337,2.297565109353421,-6.81687105177285
501210,33.458639979530794,30.93449482932073,14.092594253945663,18.666832950441158,24.402066133703464,26.11127584781201,17.30313289806258,22.59532624301153,2.524145150210064,-4.574238696495495,-1.709209714108546,-5.292193344948952
501211,35.628591574885846,29.24940288673825,16.7239507851324,13.256712972583381,32.27516166344621,27.537270877548238,18.654347826086955,17.26801874595992,6.379188688147597,3.4672378125490173,4.737890785897974,1.3863290801270338
501212,29.042512481850594,29.755732231578087,15.888146048573072,16.621446071979847,29.170467410689735,25.850797494096057,16.14308561141578,20.37381943246507,-0.713219749727493,-0.733300023406775,3.3196699165936785,-4.230733821049288
501213,29.881869855994168,27.166040718128347,12.82178930822083,20.550022727272726,33.95315802182574,25.298455917997657,14.029808662000923,16.90714285714286,2.7158291378658213,-7.728233419051897,8.654702103828086,-2.877334195141936
501214,30.544666653970413,29.081320919817546,15.85158708634207,20.35336386305078,28.266336317659192,27.450688844086024,22.496127130777147,30.35925431944697,1.4633457341528668,-4.501776776708711,0.8156474735731685,-7.8631271886698215
501215,35.37662685805655,31.6955221827286,18.120243554856536,11.960297519014983,32.25498604599645,26.576108636985104,19.992675849936763,16.975819798408025,3.6811046753279477,6.159946035841553,5.678877409011349,3.0168560515287375
501216,29.43927560988895,28.24324870051127,17.504977018821766,16.64234244916458,28.967883784324286,32.094406450867226,17.791705237697084,18.412322734736527,1.1960269093776787,0.8626345696571853,-3.1265226665429395,-0.6206174970394436
501218,35.753061496642566,33.41071018101024,14.26125741113058,15.626469205787853,26.493196663550712,35.40464743589744,15.804641587805722,12.35118258178603,2.342351315632328,-1.365211794657272,-8.911450772346726,3.453459006019692
501219,32.339208544002055,30.803263149256566,11.063068303852319,15.765201028838451,29.163372550398865,30.273279120935598,17.31430019571267,19.883352640482492,1.5359453947454895,-4.702132724986132,-1.109906570536733,-2.5690524447698238
501220,33.43426992821757,32.70622474485495,24.725477887843176,14.007793276368403,36.43807819428986,31.997805063051104,38.796622889305816,20.36442442108446,0.7280451833626174,10.717684611474773,4.4402731312387544,18.432198468221355
501221,35.353737060371294,34.536188503013385,17.413529637150834,18.926331995307457,33.5882753346468,28.69752496969079,22.85422581804161,22.602666949632145,0.8175485573579095,-1.5128023581566232,4.890750364956013,0.2515588684094645
501222,29.915336758357977,30.07146379913088,19.95751629421124,12.1113207608565,29.4580421829477,23.589414946004542,24.967134280813525,15.653978206072278,-0.15612704077290118,7.846195533354738,5.8686272369431585,9.313156074741247
501223,26.548951800728886,33.043567578400534,14.810053112258487,19.726234520503056,30.58705802758673,35.64092804863864,16.979905152318945,26.967425260947838,-6.4946157776716475,-4.916181408244569,-5.053870021051914,-9.987520108628893
501224,30.144751884132855,33.03541478541081,15.041828087542545,19.071895419157553,27.919035063023827,26.544871557554334,18.795861323229335,22.548253580116455,-2.8906629012779526,-4.030067331615008,1.3741635054694932,-3.75239225688712
501225,31.528318985910644,32.5821881018419,13.127200586632009,15.51956303389743,29.313819460141126,22.38814469302937,18.449741606502126,22.423640084319217,-1.0538691159312563,-2.3923624472654215,6.9256747671117544,-3.973898477817091
501226,34.2016101973194,31.14307814655717,18.126542957666665,15.825297496141555,31.971036929601702,32.70866603213802,21.325216552113737,14.636904761904761,3.058532050762228,2.3012454615251094,-0.7376291025363173,6.688311790208976
501227,30.467567409109808,33.10333433791701,13.544970786164654,13.641469826773172,31.933109927268358,28.86451751602124,14.353649820859971,25.70864176514519,-2.635766928807204,-0.0964990406085171,3.068592411247117,-11.35499194428522
501228,35.45718262597254,28.20583794935773,17.800854301299886,20.326778230851225,25.292812745962582,28.948316019729063,18.96669164169164,45.200108225108224,7.2513446766148135,-2.5259239295513396,-3.655503273766481,-26.233416583416584
501229,29.396734150508085,29.928708319314396,14.13931902284861,11.29698714681587,28.727944527939727,27.483975917511238,15.785491498980342,15.535032200777483,-0.5319741688063111,2.842331876032741,1.2439686104284888,0.25045929820285906
501230,32.32148458784555,31.952885553607832,11.939098245534373,14.74441043292121,33.78002031441359,29.39149872465086,16.07940780861134,16.639723681267153,0.36859903423772167,-2.8053121873868374,4.388521589762732,-0.5603158726558135
501231,35.71332229720389,33.06493516204475,20.068055431917408,16.39944262716521,33.246938467845,27.103717027703837,21.926927339390236,23.217769221440697,2.6483871351591404,3.668612804752197,6.143221440141161,-1.2908418820504615
501232,28.683253313137914,30.66977369508811,15.88624087608974,12.252191667955405,29.07619505104597,24.72251529109611,27.1627052545156,23.705384811516886,-1.9865203819501964,3.6340492081343356,4.353679759949863,3.4573204429987143
501233,29.664321832891986,30.423692093192,12.892623250493838,11.630522687510423,30.18875508951308,29.391643047246625,17.68472116963496,15.728818197791632,-0.7593702603000132,1.2621005629834148,0.7971120422664555,1.9559029718433294
501234,28.50781580107838,32.402606800761795,13.078542903552663,16.97283594467942,25.238666131709117,32.50253703034939,16.244259464073707,33.243817955300514,-3.8947909996834156,-3.8942930411267582,-7.2638708986402705,-16.999558491226807
501235,27.626835574309396,30.28081557751206,15.368040027315342,17.069316986880857,26.449685397866368,25.949360381815605,25.174768368886014,26.226763936329544,-2.6539800032026655,-1.701276959565515,0.5003250160507626,-1.0519955674435302
501236,33.806316872570285,28.47707829692551,18.832536296424472,15.978423005665036,31.587156271157788,26.722258692691785,20.91532407803416,13.602076752856627,5.329238575644776,2.854113290759436,4.864897578466003,7.313247325177533
501237,32.31474844574739,31.527503872301665,18.327806611628063,16.386559089471223,27.852590693334122,32.288500645886714,21.74586183871774,27.583198051948052,0.7872445734457258,1.9412475221568393,-4.435909952552592,-5.837336213230312
501238,30.064356165063973,22.726684767342043,15.458849561009782,14.300646864935235,30.083166479011958,24.563587471792513,19.853325984523366,17.7395823886688,7.33767139772193,1.1582026960745466,5.519579007219445,2.113743595854565
501239,28.627310928736744,29.89203595902369,17.82395503641029,14.705275825403906,27.24311534809961,28.88846182591911,17.92912617043973,15.879410462790258,-1.2647250302869466,3.118679211006384,-1.6453464778194977,2.0497157076494723
501240,34.79926778917869,31.939013210826655,18.80390589203079,15.63031645584422,27.64181762387713,28.31189181698374,20.895964850889293,18.0671497522197,2.8602545783520377,3.173589436186571,-0.6700741931066077,2.828815098669594
501241,34.4987493688894,28.865523303691635,19.582432551737686,16.20823866775712,32.537450726507124,26.813264554477765,22.90313254950953,21.372703237622595,5.633226065197764,3.374193883980567,5.724186172029359,1.5304293118869339
501242,26.850007868851787,30.308393804856365,17.370978475248723,16.183427151314767,25.938414719964214,27.047134229237386,21.041701552894487,18.126482070561018,-3.4583859360045786,1.1875513239339561,-1.1087195092731719,2.9152194823334696
501243,29.756246333698,30.510810681108257,18.15570236005204,14.700575942604818,28.135267246163405,30.561429570323806,19.066891100702577,15.760707409272518,-0.7545643474102555,3.4551264174472216,-2.4261623241604013,3.306183691430059
501244,33.10360168745793,34.05037111381237,15.850940811503875,12.058530921091293,33.687984768565855,30.746455070750848,20.373537983101237,20.43134901620289,-0.946769426354436,3.792409890412582,2.9415296978150067,-0.05781103310165392
501245,35.43490417545221,30.2860525245446,19.049043748201132,16.263544336499173,28.57820596078514,26.238633586998745,20.14787023346806,16.412508976510203,5.148851650907609,2.7854994117019594,2.339572373786396,3.735361256957855
501246,35.49309624424796,30.676777487289897,15.216745957389623,19.515040592215566,34.58314705654923,25.96313200138556,17.038099369550164,22.94390866409175,4.816318756958061,-4.298294634825943,8.62001505516367,-5.905809294541587
501247,30.189438637471607,36.36596543223101,14.166317818034633,14.48675226272728,29.164975956280223,25.71992318035099,19.75228943423198,23.501244959528037,-6.1765267947594005,-0.3204344446926459,3.445052775929234,-3.748955525296058
501248,30.934861706929528,32.16488767628428,16.55575385846038,14.162892433995449,28.880011336871657,30.87536522142244,14.317708333333332,26.436293966780656,-1.2300259693547524,2.3928614244649324,-1.9953538845507843,-12.118585633447324
501249,33.81485411083506,30.385219838573793,17.36387498755857,16.48653137119568,30.925204715898424,26.0179973022822,19.46768446917475,25.09221571939864,3.4296342722612643,0.8773436163628894,4.907207413616224,-5.624531250223892
501250,29.248878834234123,28.724127499187606,16.506980454418105,20.44751529956877,27.309923515217,25.83928547624096,16.468937019285452,25.037121212121214,0.5247513350465169,-3.9405348451506654,1.4706380389760412,-8.568184192835762
501251,33.85672104301504,30.909265527880223,20.124020245725152,14.59206772032258,33.76666684061117,29.757125602196137,23.50685770179477,22.459764300030837,2.94745551513482,5.531952525402572,4.009541238415036,1.0470934017639344
501252,29.3652614324351,38.12802207119517,12.955148954786452,20.67146542911495,25.728760050282013,26.785724612422616,16.71611505258598,30.1097104519774,-8.762760638760067,-7.716316474328497,-1.0569645621406032,-13.393595399391419
501253,35.560159212086965,28.072930072286482,18.487710860975863,14.890690183991913,29.443676492637188,27.699238016406518,21.134834222579663,16.78595847399727,7.487229139800483,3.5970206769839503,1.7444384762306697,4.348875748582394
501254,28.60639539744093,28.56769796849575,14.151388441392578,16.567696724999596,28.154519728745885,28.082254307642216,19.202857353523278,19.74395069622052,0.03869742894518069,-2.4163082836070178,0.07226542110366907,-0.5410933426972413
501255,28.877376038393333,33.22565437953934,14.2964629899129,18.626529340670803,26.31954337197194,26.71765468254322,14.317749507473346,30.23892132442576,-4.34827834114601,-4.330066350757903,-0.3981113105712808,-15.921171816952414
501256,31.050850015719053,32.48445815213169,16.60821676319311,21.022510185611047,30.574966594289045,33.23667528476083,15.27207958282127,23.77684003511877,-1.4336081364126336,-4.414293422417938,-2.6617086904717837,-8.5047604522975
501257,30.10479455393316,29.999406060444795,15.175739549219628,14.356667403067245,30.66004870651409,29.111489177552095,14.15445498725042,19.93418447844725,0.10538849348836621,0.8190721461523829,1.5485595289619951,-5.77972949119683
501258,26.498479400447593,31.341423660786834,15.502614514486925,15.299636742107733,24.682119493825205,30.26800263284212,19.67467948717949,22.40801893254425,-4.842944260339241,0.20297777237919234,-5.585883139016914,-2.7333394453647593
501259,28.01487650383089,32.4909909602321,16.702914839070907,18.37712651724339,26.599270660114414,29.84678511758016,16.781062324461942,26.8031512605042,-4.476114456401206,-1.6742116781724832,-3.2475144574657477,-10.022088936042259
501260,31.390990973082957,33.427709652340546,15.5841897432025,19.828410928737583,27.98690994225964,30.322651799954432,19.69413034643928,32.813988095238095,-2.0367186792575893,-4.244221185535082,-2.335741857694792,-13.119857748798815
501261,34.670637101964445,30.017338422158346,16.407002105209962,16.328569392861006,31.109154418253706,30.680424627731874,17.46417466546293,18.968024714086795,4.653298679806099,0.0784327123489561,0.4287297905218317,-1.503850048623864
501262,27.999907558943356,31.916980381470907,17.90597171340019,18.315743038694613,25.056877733285333,29.72941422700432,18.62520236942444,20.345569358178054,-3.917072822527551,-0.40977132529442173,-4.672536493718987,-1.7203669887536144
501263,29.970644274088524,31.90552224870791,21.16427183497422,15.304437940772067,29.155549687753577,22.645849273931468,23.11481483120644,24.022357711346356,-1.9348779746193863,5.859833894202152,6.5097004138221095,-0.9075428801399141
501264,28.05686533545503,32.21103402255154,22.259115578483094,18.067575603953593,16.876770993706618,32.228440501771935,24.55614057118255,21.27423508064065,-4.154168687096508,4.191539974529501,-15.351669508065317,3.2819054905418987
501266,34.160626161844824,36.489212732920265,17.689985540273042,14.510906403727423,31.108899728778862,23.31042481813477,21.300445483147,21.837524631258624,-2.3285865710754408,3.179079136545619,7.798474910644092,-0.5370791481116228
501267,31.26112359928025,29.41624142889177,17.90783586580953,16.624205704440488,28.833227623371346,29.440727564671356,17.78998879062624,23.358549188875347,1.8448821703884803,1.283630161369043,-0.6074999413000093,-5.568560398249108
501268,33.21531031872119,31.757526090784364,18.02944444847803,15.650212380744552,31.0206139437216,27.419671823076996,20.601115759380924,22.5065886683472,1.4577842279368234,2.3792320677334793,3.6009421206446035,-1.9054729089662743
501269,30.866862904298742,30.7782769183097,17.520227379340056,17.8236839496549,28.55105895767607,32.60915598357867,16.931693386844223,22.22028594306751,0.08858598598904166,-0.3034565703148431,-4.0580970259025975,-5.288592556223286
501270,31.87116564872176,32.070078577439695,17.98189348369145,16.70070314084202,32.85156478741885,28.02800658660336,21.850758347895898,21.344781973276067,-0.19891292871793453,1.2811903428494311,4.823558200815491,0.5059763746198307
501271,31.28623524786349,32.325338320601006,17.567450302590522,18.483352934036624,31.030296452533143,30.160559570514145,20.550860839633657,21.62695243353138,-1.0391030727375146,-0.9159026314461016,0.8697368820189979,-1.076091593897722
548306,34.56601315613144,31.73961833874024,17.891568688745572,15.812908328769513,32.77903696689944,28.81737125781001,19.92796166199392,21.569954830790905,2.8263948173912006,2.078660359976059,3.9616657090894307,-1.6419931687969864
548307,31.28419337395889,29.785267897137572,17.20238827887706,14.838891076516381,26.975309629074797,28.299040350283352,20.54590180564009,13.619998812882042,1.4989254768213165,2.363497202360678,-1.3237307212085554,6.925902992758047
548308,34.51668695928914,30.470324556684307,18.83189930265953,17.914817467924472,36.06617713521491,29.810407268170426,22.512555347400458,19.237581271576524,4.0463624026048315,0.9170818347350576,6.2557698670444815,3.274974075823934
548309,30.886754908937537,29.87156570914732,16.490906002377642,16.068907591796894,32.06860292755235,28.663094288752184,14.526396935481598,22.983642064150537,1.0151891997902176,0.4219984105807484,3.405508638800164,-8.457245128668939
548310,30.268535302021547,29.53111065411922,16.09222596395852,16.67876774507044,29.89311930093591,28.007364926739925,16.501747748219522,18.783259465940937,0.7374246479023263,-0.5865417811119222,1.8857543741959866,-2.281511717721415
548311,32.85376416825689,30.70982287468735,18.076516556629137,17.499454076716326,30.788616573616913,30.5876168913615,21.706639493929824,19.589221014492754,2.1439412935695366,0.5770624799128115,0.2009996822554143,2.1174184794370703
548312,30.623722091320914,34.662361261520424,14.520191499875953,23.38504884132812,30.434663471420798,34.95450709427083,13.440868500469994,32.616908797417274,-4.0386391701995095,-8.864857341452169,-4.519843622850033,-19.176040296947278
548313,29.441176072310814,25.839252074132073,19.24810702125702,21.108438241363494,30.417222447022834,28.969241177337953,16.401630224614095,35.57500403354062,3.6019239981787408,-1.860331220106474,1.447981269684881,-19.173373808926527
548314,29.824566877222793,27.846508818808108,19.326830850735277,18.50454870950579,28.52287696447602,26.23444440013269,19.70066544871595,22.832049299173306,1.9780580584146854,0.8222821412294863,2.288432564343328,-3.1313838504573575
548315,30.527868311757455,30.87879532234668,15.327241504045343,14.82618302366482,31.204235533889428,26.828939890372567,18.31350232993365,16.844196244997395,-0.35092701058922415,0.5010584803805234,4.375295643516861,1.4693060849362567
548316,33.26619173002924,32.538172827230476,17.160463370465067,15.874026780305105,31.557829434454845,30.2111893758377,19.885828154254213,17.19054718003981,0.728018902798766,1.286436590159962,1.3466400586171439,2.695280974214402
548317,28.698801191545446,32.60180897972473,19.20104821039551,24.089468253968256,25.356580428022625,33.29558441331697,23.76555910418297,35.4387320375829,-3.903007788179284,-4.888420043572747,-7.939003985294349,-11.673172933399933
548318,32.02837826294998,30.692709431378333,15.915150276122123,17.64512480892767,31.20349750083657,30.195858452076486,19.40996482348297,19.372082224702893,1.3356688315716454,-1.7299745328055458,1.0076390487600833,0.03788259878007594
548319,32.46076748471169,30.05191214304939,18.87011005044834,19.130373849201995,32.21946251092651,28.2527486533875,20.22561425074732,17.93753249166605,2.4088553416622993,-0.26026379875365535,3.9667138575390126,2.288081759081269
548320,29.40570727950082,30.689034238072313,16.057640834501733,18.280567617330792,29.977114714039246,24.833581730769232,19.83296348253708,25.095365499246938,-1.283326958571493,-2.2229267828290595,5.143532983270013,-5.262402016709856
548321,29.447982220523794,31.80773370697332,18.461621255115208,16.801087182487194,27.298511608442972,30.387051021867023,17.33261024332125,16.48336087093234,-2.3597514864495253,1.660534072628014,-3.0885394134240514,0.8492493723889076
548322,33.56152675787765,27.85350534083177,15.391934702669829,16.739271196582145,33.08666635143736,27.298654337746292,20.73970551835438,17.83080635764335,5.708021417045881,-1.3473364939123158,5.788012013691066,2.90889916071103
548323,29.145606310370116,29.375278942042794,16.708764321848317,20.082346868710367,29.414799336055435,27.884034453978238,17.93108393337052,19.480718690708834,-0.2296726316726776,-3.3735825468620497,1.5307648820771966,-1.549634757338314
548324,32.40747439391383,30.933192486665153,14.759694184746166,19.319502190166496,21.95888868469057,29.290431654265618,23.616150353584057,24.49442018758775,1.4742819072486775,-4.559808005420329,-7.331542969575047,-0.8782698340036923
548325,32.13780313888956,30.456898175800408,14.920168301386036,20.83517704348115,30.495442599992295,30.574972598332977,15.624119558783475,21.12740332495206,1.6809049630891515,-5.915008742095113,-0.07952999834068208,-5.503283766168584
548326,30.98199067062748,30.785320807398804,18.17408241523753,16.89080147736166,24.84995424033034,24.62835354205217,17.031016475617378,27.83635883171215,0.1966698632286743,1.2832809378758725,0.22160069827816997,-10.805342356094773
548327,28.496799779665874,30.24447693469474,16.79698646579172,13.31346493319219,28.928953230584955,29.061663810188364,17.147601986821712,15.44828913490005,-1.7476771550288674,3.4835215325995286,-0.13271057960340826,1.699312851921663
548328,29.069525866859873,29.363373192966773,17.3587226414741,20.035714784536413,28.50346471839632,27.943267937882915,29.495680853527766,15.099287413978798,-0.29384732610689923,-2.6769921430623143,0.5601967805134045,14.396393439548968
548329,33.16075543667392,32.988998493749044,14.665787319384417,16.685715815205857,23.642126824796105,30.878473536443323,17.112420302922565,17.417120250883137,0.17175694292487265,-2.019928495821439,-7.236346711647219,-0.30469994796057165
548330,34.37523354085065,30.779708502028186,15.277558639106417,14.288977867392692,30.724104675284508,29.86969015347898,17.467643306447584,14.359925998842652,3.5955250388224655,0.9885807717137247,0.854414521805527,3.1077173076049327
548331,32.97885620406874,32.31791488471056,14.752575199043857,13.978313418199074,33.876117595243336,29.795764613145767,14.785150527808014,16.819716172729333,0.6609413193581801,0.7742617808447836,4.080352982097569,-2.0345656449213187
548332,34.862431716886476,32.87368695439073,16.63525964530054,19.986062322390683,30.614190881141518,25.103707618360186,17.798353344870534,36.402027280690774,1.9887447624957488,-3.350802677090144,5.510483262781332,-18.60367393582024
548333,33.18566492755459,30.19856697984814,16.535693556049665,14.79794456948415,31.80759586746717,28.361807952630468,16.81683393762013,14.294111861517631,2.9870979477064488,1.7377489865655154,3.4457879148367034,2.5227220761025
548334,30.34749268463695,30.63166390028222,18.247182681835362,16.252929605929364,25.84004909996517,31.042822474646986,21.780276604765525,16.280763184765863,-0.28417121564526937,1.9942530759059984,-5.202773374681815,5.499513419999662
548335,28.9517301445815,27.87233195567164,17.119026414102354,17.78719086950762,26.132203337288246,28.398317686064356,19.69421646768492,31.314395936906948,1.0793981889098596,-0.6681644554052646,-2.26611434877611,-11.620179469222027
548336,35.140446816270924,32.41944671392824,19.866726198810916,12.967597920324504,28.53086500378936,28.319425583649434,33.24106281857005,16.205348911849583,2.7210001023426855,6.899128278486412,0.211439420139925,17.035713906720467
548337,34.77270497670407,30.701001441861237,17.961298020573043,16.842865957413796,30.04082424723046,25.955891877772864,19.2432979431599,17.818717724149664,4.0717035348428325,1.118432063159247,4.084932369457597,1.4245802190102346
548339,31.87981647912288,27.52587873946,18.991235919234516,14.694620136546124,29.678593207503347,23.192985661241917,21.399253512112104,18.461630296639484,4.353937739662879,4.2966157826883915,6.485607546261431,2.9376232154726196
548341,27.72189402726397,31.55277924421651,15.011913793212178,15.596253212194103,24.485420188734043,30.33839369544184,13.735980715698663,16.561066310422397,-3.830885216952538,-0.5843394189819247,-5.852973506707798,-2.8250855947237348
548342,31.321687368967844,32.44846799235115,17.025307482683168,18.35491140262426,30.16449494196471,34.1422271168297,17.206257488679324,25.909977414776606,-1.1267806233833042,-1.3296039199410927,-3.977732174864993,-8.703719926097282
548343,35.61183280832907,31.664454191500212,15.170229249195785,17.900872544217396,35.337069005350685,32.7323151132813,15.780839584364074,21.547853315242897,3.947378616828857,-2.7306432950216113,2.6047538920693825,-5.767013730878823
548344,28.028836102977806,32.56017279492139,16.328568933392702,14.155008264762799,27.177347278376203,28.33030950664332,31.917358532141122,19.329662201103144,-4.5313366919435865,2.1735606686299036,-1.1529622282671177,12.587696331037979
548345,32.94286843540325,35.16186731450151,17.76709035190691,18.620982421317557,30.12194056876555,21.907160608349198,17.898941293588216,31.08391014346841,-2.218998879098258,-0.853892069410648,8.214779960416351,-13.184968849880196
548346,32.79227542186463,30.765225600437585,20.42933214479707,20.47455904212459,31.08350535892323,27.29048436850344,20.03206924699,26.804977613838197,2.0270498214270454,-0.04522689732752028,3.793020990419791,-6.7729083668481955
548347,34.17574588343458,28.626568763708523,15.042694658557853,16.18187929693411,33.44651232193112,27.100330114040865,19.87843959096178,31.011933525917897,5.549177119726057,-1.139184638376257,6.3461822078902514,-11.133493934956117
548348,31.20055049391947,32.09494189292101,18.636197208748804,13.824652434018626,28.363453571029197,30.90896328305532,19.481457599619144,22.308732370236985,-0.8943913990015382,4.811544774730178,-2.5455097120261243,-2.8272747706178407
548349,31.219370240195076,33.66835856028678,15.791818173578514,15.85228159220328,29.63630640536496,25.001788041613022,16.695456497969385,21.799055622379854,-2.4489883200917006,-0.06046341862476545,4.634518363751937,-5.103599124410469
548350,31.194366663345324,31.43408724489427,20.066281924023308,14.687990784248678,28.422187067860367,32.16979478932728,27.081958069297134,17.328270590032712,-0.23972058154894427,5.37829113977463,-3.7476077214669097,9.753687479264421
548351,30.461786740198296,33.16650924963722,18.939879777251047,15.512108461761802,23.500863084538608,35.68092733998154,23.500514119220504,23.2238602923834,-2.704722509438927,3.4277713154892453,-12.180064255442929,0.27665382683710504
548352,32.9820288602371,28.158803098472173,14.637342283469087,18.432237659232452,32.9995083672868,26.038776563977706,16.469270307946122,20.991412306723234,4.8232257617649275,-3.7948953757633657,6.960731803309095,-4.522141998777112
548353,29.739633436545272,32.26282615543992,14.73552410568955,13.287459886459255,27.90340221703809,31.548290243158576,26.22981111049967,17.641520996784156,-2.523192718894645,1.4480642192302948,-3.644888026120487,8.588290113715516
548354,33.16587982048973,32.012380928614526,20.175302426502647,14.976559653769797,30.435970739892372,25.896883626510245,29.19007310293506,22.64378758148977,1.153498891875202,5.1987427727328495,4.539087113382127,6.546285521445288
548355,33.27500190932668,30.69450100190585,14.470447031489183,20.730867862634103,33.00747683953147,28.094310554755687,15.719448349274684,25.993539588171494,2.5805009074208343,-6.26042083114492,4.913166284775784,-10.27409123889681
548356,31.356334990091412,31.714368176459192,17.625188351922514,14.55693821026367,24.001791466428323,30.4587455331485,23.115419863118536,20.00555732018985,-0.3580331863677806,3.0682501416588437,-6.456954066720179,3.109862542928685
548357,30.63545390353313,29.880800957597017,16.202247467330533,17.09029300387986,30.142571270631443,27.027899109356447,15.970280073397578,24.886097437567745,0.7546529459361118,-0.8880455365493276,3.1146721612749957,-8.915817364170167
548358,31.87610624236434,34.50096245081764,15.25882637116988,15.787940247485803,32.23333963333963,25.76859571461376,21.603920752854044,23.43647168827348,-2.6248562084532985,-0.5291138763159235,6.464743918725873,-1.8325509354194338
548359,33.125947413155295,30.836202262226347,14.789365680071564,16.364865867194446,28.46273642073971,27.225377581620577,19.61977323305448,20.569262224451563,2.2897451509289475,-1.5755001871228824,1.237358839119132,-0.9494889913970823
548360,30.634910037374983,37.43034314781392,20.504631993432525,14.8014511095564,30.512634070071314,26.74980508270453,27.182701583864752,19.09844410580262,-6.795433110438939,5.703180883876126,3.7628289873667846,8.084257478062131
548361,32.131903581157935,32.41335845992133,17.368270887977364,15.547593004025913,30.487048586046402,26.185012627975183,28.209418659946362,23.430333311749038,-0.28145487876339104,1.8206778839514506,4.302035958071219,4.779085348197324
548362,33.2233213344166,34.684219624423335,15.361028924439774,15.170610327242708,34.90040339568588,24.577421353279725,15.143003978779841,18.31552426595387,-1.4608982900067318,0.19041859719706622,10.322982042406153,-3.1725202871740272
548363,28.4274764871252,31.976104014612858,19.48519937276154,19.790822010954294,26.543885419203917,24.43004344284448,31.8494453659548,24.680870682230793,-3.548627527487657,-0.30562263819275515,2.1138419763594385,7.168574683724007
548364,30.632283673537273,31.59388755959013,16.844009635175347,16.998158184000655,26.61528214295379,30.20564239954521,20.395170037257213,20.118453512050902,-0.9616038860528562,-0.15414854882530804,-3.590360256591417,0.27671652520631085
548365,31.781487108683333,30.91871371465655,12.769178262627225,14.456692337256268,31.91984654464669,25.699829417577902,13.307370215990906,22.303231264281077,0.8627733940267817,-1.6875140746290427,6.220017127068786,-8.995861048290172
548366,30.822974966671786,31.101641371709757,13.940754245835445,18.904474801441367,26.103180342629738,27.040232550801463,14.061458606709904,26.968561511573107,-0.2786664050379706,-4.9637205556059225,-0.9370522081717247,-12.907102904863203
548367,31.16047176092071,34.671879633439566,18.587720223402762,16.596448526789658,31.48524927605331,27.739031128517226,26.464824760067216,18.304913925137477,-3.5114078725188556,1.9912716966131043,3.7462181475360836,8.15991083492974
548368,33.00958532782371,30.770407505476438,16.459259861083037,18.978786727365833,32.12204712816514,28.017713011716744,15.496688491131355,29.719586668929686,2.239177822347269,-2.5195268662827957,4.104334116448399,-14.222898177798331
548369,31.682848691492165,35.69191731490073,18.26957781618696,17.798024950452493,30.268908439852254,33.60334733893558,22.73176514613082,22.010009448916392,-4.009068623408563,0.4715528657344663,-3.334438899083324,0.7217556972144266
548370,31.212811915281478,31.84975813482467,18.633923843957405,17.278039371854653,27.34821407629499,31.510584963156973,29.136293416163884,26.226914602960452,-0.6369462195431908,1.3558844721027512,-4.162370886861982,2.909378813203432
548371,31.75521082565182,30.77227598024363,19.024682703842434,18.71640310348369,30.486280650293384,28.554628129208563,23.243083835130257,24.9239650037134,0.9829348454081881,0.3082796003587447,1.9316525210848212,-1.6808811685831415
548372,30.254865551772138,37.186087710185994,15.789845615044905,17.419833903742877,29.68354683978125,26.540378786585563,18.240671501700913,21.015611647560384,-6.931222158413856,-1.6299882886979713,3.143168053195687,-2.774940145859471
548373,35.457744267344225,33.070753411201125,15.184434410190372,20.91265619029111,32.161491334938745,28.87867783717766,18.552672933278497,27.395570892522112,2.3869908561431004,-5.728221780100737,3.2828134977610866,-8.842897959243615
548374,26.69149693018731,33.16257202412817,11.703605278914129,19.410539577954534,26.29882831381203,31.834981565749384,16.934657576514773,25.113003865514763,-6.471075093940858,-7.706934299040405,-5.536153251937353,-8.17834628899999
548375,29.403113715123414,27.547609972299966,19.642209131828903,13.553330480966796,27.248016608484384,28.413500033019304,32.543572408036425,18.57431175598474,1.8555037428234478,6.088878650862107,-1.1654834245349193,13.969260652051684
548376,33.16881070082701,35.57378254836662,16.464635744745483,17.679032076752,28.16818700451303,27.255022207120746,20.908087352526284,23.730088490711797,-2.4049718475396133,-1.214396332006519,0.9131647973922838,-2.822001138185513
548377,26.979720911946746,30.806174040661435,16.56362049849048,20.23627411623057,33.78341830776046,26.164403810433342,26.019280178225447,25.51147211678247,-3.8264531287146895,-3.6726536177400924,7.619014497327122,0.5078080614429759
548378,33.27391832885194,29.45431622471004,16.710094527245232,20.214883748353376,30.012132298812876,27.946498267548165,20.120257878322395,32.366695545907476,3.8196021041419,-3.504789221108144,2.065634031264711,-12.24643766758508
548379,30.41141930202019,31.14250652133862,17.028556293153418,17.06052729348892,25.34703950136486,28.78338451455377,18.61709477863938,25.798803178249372,-0.7310872193184323,-0.03197100033550271,-3.436345013188909,-7.181708399609992
548380,32.10024875415165,37.05550006612355,17.426234887789263,15.44743880578697,27.592159435186126,37.93305714314141,16.281241662064645,14.944423813734158,-4.9552513119718995,1.9787960820022938,-10.340897707955286,1.3368178483304867
548381,34.24935193593036,28.681668544599045,17.00807564195871,19.720121995097895,23.904262574477826,27.549821933431794,15.876454428857599,29.832818046775266,5.567683391331318,-2.7120463531391863,-3.6455593589539674,-13.956363617917667
597998,32.07599325923598,29.35802740418163,14.201387268822037,17.615899658686804,33.43579450132718,26.966233619598277,16.997813136551674,30.466063980471162,2.7179658550543486,-3.4145123898647665,6.469560881728903,-13.468250843919488
597999,28.561510100223188,35.4067020023957,14.814497550894515,16.091811665937932,25.22330673786184,31.30975692184649,19.03461072121693,14.543701798585586,-6.845191902172509,-1.277314115043417,-6.086450183984649,4.490908922631343
598000,29.03255484901088,30.213998497629532,15.24792105064191,16.05300934931776,23.584805220788407,28.070445282977705,15.957968093630802,20.199468906813557,-1.1814436486186537,-0.8050882986758516,-4.485640062189297,-4.241500813182755
598001,29.737768710481916,33.08657832006892,14.039696079018876,15.566908482450142,28.462527322028976,33.06761363636364,16.745371355352365,23.148970152633943,-3.3488096095870006,-1.5272124034312657,-4.605086314334663,-6.403598797281578
598002,35.15396194511508,30.760070211129886,17.159808734759242,14.311619130471502,31.671559842344415,29.005715779515203,19.528443024366936,17.299387849652867,4.393891733985193,2.8481896042877395,2.665844062829212,2.2290551747140697
598003,26.43883836904376,33.307885995051436,15.454491908267983,18.771903267561544,23.577266776773506,27.980620302114396,21.012957219125628,24.99672241105921,-6.869047626007674,-3.317411359293562,-4.40335352534089,-3.983765191933582
598005,31.408682164318986,31.962986049549738,18.254913809806723,16.742093488245917,30.031988862667166,27.093283240452102,29.694956434827724,30.696146752793855,-0.5543038852307518,1.512820321560806,2.938705622215064,-1.001190317966131
598006,28.851983360178384,28.77199937625627,17.38893852155571,16.015430060129884,29.22257518062772,25.49081132385394,21.82536311753244,23.91165739602804,0.07998398392211215,1.3735084614258248,3.7317638567737816,-2.0862942784956005
598007,33.81061882127263,34.74610894651042,16.742428835810905,19.016627295672045,26.963839627805147,35.95212005309672,18.66674430641822,25.294471930310856,-0.9354901252377914,-2.2741984598611396,-8.988280425291574,-6.6277276238926355
598008,28.52171562515281,37.90440811742241,18.77686461128859,15.78228975286828,26.582782423198275,24.89438188130658,27.540407218413154,18.18808745910407,-9.382692492269602,2.994574858420311,1.6884005418916956,9.352319759309083
598009,26.70089537193935,27.58383152740755,14.490088227540133,20.33983903777141,21.7401221421087,24.969355703681053,19.71923848847611,42.41215008816676,-0.8829361554682009,-5.849750810231276,-3.2292335615723538,-22.692911599690653
598010,31.606316657140685,26.161018682547617,16.53053077516257,15.658795484622065,31.39958247131012,25.828564464944222,19.94325851473196,15.651226715150408,5.445297974593068,0.8717352905405065,5.571018006365897,4.292031799581551
598011,28.988173547529094,27.12131667812316,18.45370287527151,14.490426233572999,24.742027416327247,23.71996543632674,23.690819678003987,18.40970161771909,1.8668568694059324,3.9632766416985117,1.0220619800005082,5.281118060284896
598012,35.86825082767518,35.68500209690783,20.90819881835474,18.319797382456365,29.166313823672944,30.862371311441724,39.02421843969284,19.941753787527635,0.18324873076735315,2.5884014358983762,-1.6960574877687797,19.082464652165203
598013,28.200685671648262,25.786791404754595,18.563469018206405,18.200269871541288,26.470472326879168,25.11504965904099,28.152909213580614,23.3784982581821,2.413894266893667,0.3631991466651172,1.3554226678381767,4.7744109553985155
598014,32.470097114222874,31.497444968568676,17.201793597004595,20.42876708313266,34.28216282076124,27.646771774267084,24.13554385325931,40.49630874462582,0.9726521456541981,-3.2269734861280632,6.63539104649416,-16.36076489136651
598015,33.06078334267447,27.779402699219442,21.185336114588903,12.602421181852872,29.10905289832555,24.916117119084966,37.70050546614261,16.165568575708665,5.281380643455027,8.582914932736031,4.192935779240585,21.534936890433944
598016,31.061998303293134,30.525512565576616,19.516478938158862,15.8438068761588,29.8188852360429,31.587537482010543,27.96772668958375,17.225908836062924,0.536485737716518,3.6726720620000624,-1.768652245967644,10.741817853520825
598018,27.350240904493493,26.890540513434402,14.061850126466789,17.180489482926873,24.613363176319936,27.897895081913802,16.721869357058036,17.757954383924535,0.45970039105909066,-3.1186393564600845,-3.284531905593866,-1.0360850268664983
598019,35.26241049528378,30.182510416730832,18.58944841241899,19.97272520772809,32.7362381512852,22.976232376461702,22.6958917923979,38.30163235691308,5.079900078552949,-1.3832767953091007,9.760005774823497,-15.60574056451518
598020,33.88185868776898,29.74881835127945,20.255854416014394,14.206908975795765,25.322840815931624,30.10946974020269,33.03028699580319,18.578045400227094,4.1330403364895325,6.048945440218629,-4.786628924271067,14.452241595576094
598021,28.74215565889956,23.081928660494416,17.822814062588627,19.28162792246456,30.095845743266572,24.030439747243072,16.05565705872113,19.818817263747604,5.660226998405143,-1.4588138598759315,6.0654059960235,-3.763160205026473
598022,33.89258248040667,29.75813862155144,22.656343473939934,20.469619511683426,25.326062640771113,25.41140555437952,31.386713583738576,28.54110306502022,4.134443858855235,2.186723962256508,-0.0853429136084074,2.845610518718356
598023,31.121068399389404,36.27024702020572,20.55479023520273,21.09355992719005,25.838579327538767,24.3218701489267,35.70864678622758,37.324772973274506,-5.149178620816318,-0.5387696919873193,1.5167091786120679,-1.6161261870469232
598024,31.93088919364692,32.21166151083811,14.544278679535912,21.388911926949124,30.904006068343204,28.375347164538386,16.813536990019443,29.688553572410015,-0.2807723171911931,-6.844633247413212,2.5286589038048177,-12.875016582390572
598025,29.003406385421155,26.697542352803804,15.194457540460188,17.036928260778392,25.83547721537676,29.031806515748606,13.640514999706177,19.05379467434114,2.3058640326173503,-1.8424707203182038,-3.196329300371847,-5.413279674634964
598026,34.42243919410625,30.43438049447874,21.392405819291678,20.999368923246063,25.91267593852071,25.565914065985496,26.341326530612243,38.73186492964024,3.988058699627512,0.393036896045615,0.3467618725352146,-12.390538399027996
598027,37.76966295691833,30.00506953315788,15.745970571764412,20.955469555591534,39.58935051790315,24.315719484573755,17.476142535092173,33.256449243374554,7.764593423760452,-5.209498983827123,15.273631033329394,-15.780306708282382
598028,30.155774528471,31.1301962811062,13.801559757100543,17.20493245081623,31.199166871751274,30.13146014080593,20.75195138392311,24.296488990332975,-0.9744217526352017,-3.4033726937156867,1.0677067309453427,-3.5445376064098646
598029,29.182236198143503,32.44615757827948,18.699446655762404,17.84451264690018,25.10365203202781,28.289548329829405,27.567585491299223,22.93311547566788,-3.2639213801359794,0.854934008862223,-3.1858962978015946,4.634470015631344
598030,33.547994107749766,29.188002897825694,18.75035092321894,21.16057132983583,25.784513639429722,30.3453655542967,22.84949814879723,24.628326067892914,4.359991209924072,-2.41022040661689,-4.560851914866976,-1.7788279190956828
598031,26.12507675424268,28.727425136268128,19.11512367109618,15.765157384430845,26.956216026124334,31.723222295899923,27.28376398278949,18.63568661113855,-2.602348382025447,3.3499662866653335,-4.767006269775589,8.648077371650942
598032,33.0205619604182,29.705333544564585,20.042187221150918,19.424582579339393,21.78719214521352,29.61240607734752,38.96373447279401,20.275323933457724,3.315228415853614,0.6176046418115249,-7.825213932133998,18.688410539336285
598033,30.951416885409262,36.0158084176743,17.7119200570698,21.635700127582673,28.423870524053577,26.38881207769618,22.407992845382264,29.084495161701046,-5.064391532265038,-3.9237800705128727,2.0350584463573966,-6.676502316318782
598034,33.71959012008402,30.863669342200325,19.499515297311376,16.87786982913135,24.49212353600716,28.11134326532341,24.29387194075605,24.68233543607925,2.8559207778836964,2.621645468180027,-3.6192197293162494,-0.3884634953232009
598035,28.774069709767172,34.17138244464038,15.903743250772958,16.13574921357081,31.924390184785537,32.09696464029296,21.756853391122675,15.251721690392577,-5.397312734873207,-0.23200596279785302,-0.1725744555074229,6.505131700730098
598036,32.00081480312915,32.23203136836705,20.09373995481471,19.526364306153404,27.271153073496627,24.245598632763805,28.93360944446006,27.67840594573921,-0.2312165652379008,0.5673756486613044,3.0255544407328223,1.2552034987208494
598037,33.89907981541833,31.360149045933174,19.415547329163044,17.031617149981646,27.25012713702874,30.7997769614178,21.927438850715603,19.52780626624363,2.538930769485159,2.383930179181398,-3.549649824389057,2.3996325844719735
598038,34.93538306655724,34.31528956549024,18.65226911343981,11.915772622900061,24.36678029309167,31.20131067557516,22.460561530833914,11.804721162443613,0.6200935010670037,6.73649649053975,-6.834530382483493,10.655840368390301
598039,33.419847860078384,29.509455128300896,20.510055245404295,17.877356289836865,26.940417503110123,29.842712369564218,22.981131240334385,18.90604101485867,3.9103927317774883,2.632698955567431,-2.9022948664540955,4.075090225475716
598040,27.258362271075896,27.91017112034393,15.582745202095717,15.768579177915871,28.532206308165982,24.39213945837015,22.00538184825635,24.082372883440513,-0.6518088492680327,-0.18583397582015415,4.140066849795833,-2.0769910351841645
598041,33.56523553212788,30.695691030302125,18.57107367475838,12.886483667055192,27.457152562903723,30.61333166444148,24.118132038961665,12.463690433717513,2.8695445018257537,5.684590007703189,-3.156179101537756,11.654441605244152
598042,28.539286765345015,33.8041491854119,15.126454597538066,16.51701656193133,22.710157957414957,24.008776356439515,13.323353098674303,20.545642041339015,-5.264862420066887,-1.3905619643932656,-1.2986183990245586,-7.222288942664711
598043,29.784306971713498,33.92607188099661,16.634644735414863,18.697567429528053,27.01138637927904,27.38222374557463,23.378925188510166,25.959288640461477,-4.141764909283111,-2.0629226941131904,-0.37083736629559283,-2.5803634519513103
598044,27.545704582431686,28.595557913265512,16.388744725288394,16.954190665103447,29.181231099459843,29.258732740467746,18.826511467441225,18.032158231897174,-1.0498533308338267,-0.5654459398150529,-0.07750164100790258,0.794353235544051
598045,30.267424865547742,33.36133236146415,22.238855344435645,16.607423248081485,30.815012356410726,29.575573311776793,26.663173223094006,19.713704875735914,-3.093907495916408,5.63143209635416,1.239439044633933,6.949468347358092
598046,35.29662562475718,33.424494260045314,18.521446571059712,18.838468217571158,29.351495118674514,27.145827669466343,22.813634930643126,22.508633070230957,1.8721313647118691,-0.3170216465114457,2.205667449208171,0.3050018604121689
598047,29.257775405953517,32.904453227309936,13.695020840345837,19.456042337619365,24.14651207894812,25.5738563946995,16.508083682190822,34.27424784372091,-3.6466778213564197,-5.7610214972735285,-1.4273443157513803,-17.766164161530085
598048,34.89262320764577,26.508580887641354,15.87806507656774,19.298892121386125,25.851152398635087,24.6028092806218,18.072197042908293,23.351718946444702,8.384042320004415,-3.4208270448183846,1.2483431180132882,-5.279521903536409
598049,30.320037895135968,34.75816988164123,16.051881472867528,18.20542464696641,32.03581886045523,25.53682328709422,21.484350079744818,29.62361736560653,-4.438131986505262,-2.153543174098882,6.498995573361011,-8.139267285861713
598050,29.90700060789065,31.100295250230534,15.983693776979834,18.692934500832447,27.198115666331034,27.99895934774237,23.48880822659172,20.97459423093912,-1.1932946423398825,-2.709240723852613,-0.8008436814113367,2.5142139956526
598051,34.57285346192673,28.983999250363723,18.093625022413242,18.085103728725453,25.63920612579533,27.858373911897125,21.287941720039512,19.729684206856138,5.588854211563003,0.008521293687788756,-2.2191677861017958,1.5582575131833742
598052,31.84538728968796,36.51910740927102,13.3742271857954,19.054503639147605,32.808335522066145,25.426655568853207,12.9823199599143,31.652492746682572,-4.673720119583063,-5.680276453352205,7.381679953212938,-18.670172786768273
598053,31.084130083901623,33.72293592096147,15.552148978369392,15.418967407793843,29.188147230671444,31.84152030845379,22.94679463431587,21.794105334348576,-2.638805837059845,0.13318157057554814,-2.653373077782348,1.152689299967296
598054,30.361597574005827,34.32208894908994,14.2383417529344,18.005383653367588,32.44001772827582,26.047359343225605,18.664758919446303,21.57417053471493,-3.9604913750841106,-3.7670419004331883,6.392658385050215,-2.9094116152686276
598055,31.05685070802119,29.709433848392973,19.672275495686005,14.956667492759541,23.87747422693282,27.455285222604296,22.003272960239087,14.924672733936811,1.3474168596282183,4.715608002926464,-3.577810995671477,7.078600226302276
598056,33.44556946128132,28.855017053209906,14.886028757846796,17.03600062128416,35.23272266742559,27.11619551689586,17.34909830396549,20.149428494663326,4.590552408071417,-2.1499718634373632,8.11652715052973,-2.800330190697835
598057,30.224580830753357,35.67021319324866,17.31682516591828,16.04407848841845,29.46021164322488,30.551249800201113,23.901336233080954,19.510753762430774,-5.445632362495299,1.272746677499832,-1.0910381569762322,4.39058247065018
598058,33.43102880268671,34.37210138867383,17.366475529683374,16.761191857467193,25.775231865963224,25.256893749744457,21.788932689254217,31.810362982334034,-0.9410725859871221,0.6052836722161814,0.5183381162187679,-10.021430293079817
598059,28.433225677716106,28.435122030141425,16.434507598387,15.312769351795907,29.98713788982435,31.479584886458454,20.0651720415896,15.726203605099855,-0.0018963524253194919,1.121738246591093,-1.4924469966341043,4.338968436489747
598060,31.26882210454257,27.04230803059005,22.355996670399634,18.727140579438935,25.92406744145518,22.717946611115398,23.878207787918114,20.577839185970376,4.226514073952519,3.6288560909606993,3.2061208303397812,3.3003686019477385
598061,29.315913901904405,28.612355194972924,18.13970774257659,12.77462951407231,29.17078789239543,23.897470711869225,24.993994349425062,16.7857984231025,0.7035587069314815,5.365078228504281,5.273317180526206,8.208195926322563
598062,33.87409055956149,32.206452427082056,16.258762979444715,16.235040050895968,25.714613988948546,34.38989532214248,18.351375275166706,19.27546580641351,1.667638132479432,0.02372292854874658,-8.675281333193933,-0.9240905312468044
598063,31.196993173455443,34.215802469144705,21.800601932784797,15.855353238825831,27.978914918164037,26.957320189161003,23.357372995074883,29.74544765415767,-3.0188092956892625,5.945248693958966,1.0215947290030343,-6.388074659082786
598064,29.958963731519294,33.55409672183035,15.574314779116966,20.133115904251724,29.860212082909353,25.286066860104395,15.669925281433327,27.34663874263925,-3.595132990311054,-4.558801125134758,4.574145222804958,-11.676713461205923
598065,35.32182252868354,28.758521830448476,17.5768853435351,16.901698158637938,31.761417483660132,26.497749838084523,30.270093889366684,19.93868833634756,6.563300698235064,0.6751871848971618,5.263667645575609,10.331405553019124
598066,32.831175364447766,31.50272450766347,19.13240642406768,20.631673277050574,31.132389306265985,32.015332592191044,22.52570046722235,22.12008757525999,1.328450856784297,-1.4992668529828954,-0.8829432859250588,0.4056128919623596
598067,30.061858603979616,29.855715486416383,12.333491560340645,14.428591897653195,31.92561348382227,27.320427999230773,15.58028563267169,18.35331996816342,0.2061431175632329,-2.09510033731255,4.605185484591498,-2.7730343354917295
598068,32.77971902764647,38.17705189772862,16.051806372585986,19.30131607738379,25.777059439755316,24.635857072575824,16.971062217694495,25.678157413201244,-5.3973328700821455,-3.2495097047978057,1.141202367179492,-8.70709519550675
598069,29.284705062888676,27.7272398741765,15.240568525833776,16.97663475076537,29.30322134753537,26.420618385867222,18.969391705771464,20.20564937059423,1.5574651887121753,-1.7360662249315943,2.882602961668148,-1.236257664822766
598070,34.804749114681854,31.954450875345234,17.421876580587075,21.291163645786874,27.60495851758886,28.03067680130488,20.72003854617314,23.09076061133988,2.8502982393366203,-3.8692870651997993,-0.42571828371602294,-2.370722065166742
598071,31.645977398969404,27.544584897164338,16.056045091847615,16.35537798110524,24.929846742340654,26.500073885813435,30.84998689409354,20.293747815922394,4.101392501805066,-0.2993328892576237,-1.5702271434727813,10.556239078171146
598072,30.91608811290801,31.519881866980786,18.21611010077907,15.850284147828244,28.202993267687667,27.216207969583493,22.453287911520455,29.736332199372008,-0.6037937540727754,2.365825952950825,0.9867852981041736,-7.283044287851553
598073,33.37030172569548,31.11211747163306,17.942379675867826,18.175123674289196,28.29435811851672,28.33474081151249,20.543052503805537,21.966532499063362,2.2581842540624173,-0.23274399842136972,-0.04038269299577024,-1.423479995257825
729279,28.389451347550747,31.874981240994263,18.79040439777796,20.020434886606324,26.521853087094435,31.629082633053223,29.487767915097596,24.15854359626345,-3.485529893443516,-1.2300304888283655,-5.107229545958788,5.329224318834147
729281,28.62548856591609,32.194714247412,14.20209178274909,15.88691787424089,24.91437199409524,25.305143397304157,15.017284424812752,16.69228953927835,-3.5692256814959116,-1.6848260914918,-0.390771403208916,-1.6750051144655966
729283,32.82739449145327,28.590634643774987,16.875711605041516,17.02837198658638,25.276417199887497,33.734862951154284,15.406049223578224,19.4042828453767,4.236759847678282,-0.1526603815448624,-8.458445751266787,-3.998233621798475
729285,29.20415490818849,31.479822724209285,15.75393493786331,16.444118616864905,22.687917580070067,30.598346189619107,24.612851134703938,18.391120079966946,-2.275667816020796,-0.6901836790015956,-7.91042860954904,6.221731054736992
729287,31.69732948738273,29.83854277349502,20.255414607443157,15.515930757790281,31.415797871690323,21.306708431101136,25.255725007878755,14.602704450042292,1.85878671388771,4.739483849652876,10.109089440589187,10.653020557836463
729289,30.083627743817228,28.62953457335169,11.928750601222866,19.207517492832913,28.6089426567866,26.595131916093273,9.919148351648351,29.763405686268555,1.454093170465537,-7.278766891610047,2.0138107406933266,-19.844257334620202
729291,30.227855848368808,29.18317120753512,17.21975363868558,16.565509195317443,32.631478978069325,20.921503802918693,19.134574834133257,29.358865095772316,1.0446846408336867,0.6542444433681389,11.709975175150632,-10.224290261639059
729293,33.60279026268689,28.269209909850307,16.491629188985442,12.411769366096376,29.50533463370371,24.763820811283708,13.11049502752089,11.737824675324674,5.333580352836581,4.079859822889066,4.7415138224200035,1.3726703521962165
729295,30.16957427127851,28.953608109574855,18.12618206552417,17.104530140622735,33.195700649278045,28.30496966396553,16.5070681511471,18.436879896875364,1.2159661617036548,1.021651924901434,4.890730985312516,-1.9298117457282657
729297,34.63910507279444,31.805777336917448,18.5248367329295,16.615090549549826,29.169970861375614,26.718127925981516,14.188344948425593,24.054328149031097,2.8333277358769955,1.9097461833796743,2.4518429353940974,-9.865983200605504
729299,31.58354165388465,32.242488258517405,16.740976736117062,19.116510759508024,28.07082777497449,24.01817708482153,28.15721012692573,26.834806271894184,-0.658946604632753,-2.375534023390962,4.052650690152959,1.3224038550315456
729301,26.850793946349423,28.4006196225446,13.898341662294808,16.646544030611572,23.81422009904979,28.114807598642518,20.72880325540384,16.77152333117779,-1.5498256761951765,-2.7482023683167647,-4.3005874995927265,3.95727992422605
729303,33.55201904891222,29.50178460510138,18.766768637833838,17.70039755295183,29.210231546399815,28.88810174880217,15.196284791891753,23.778260139738297,4.05023444381084,1.0663710848820074,0.3221297975976434,-8.581975347846544
729305,20.435570242102777,33.46966471057124,13.076411279408399,20.97155852011242,21.91602875480601,29.760485255865664,19.46578503402712,27.079447411393083,-13.03409446846846,-7.895147240704022,-7.844456501059653,-7.613662377365962
729307,31.016380261155422,31.618920997282356,16.601897089983645,19.842547959211533,28.25805599278848,32.99130947733315,25.829596401344805,18.561373799991028,-0.602540736126933,-3.2406508692278884,-4.733253484544665,7.268222601353777
729309,29.35489444500823,28.714590475941517,13.462928842503905,16.13110042745884,25.70348929160825,28.91875776949332,19.252083129554457,22.704192330330965,0.6403039690667143,-2.6681715849549352,-3.215268477885072,-3.4521092007765084
729311,32.857235283037774,29.60620384077352,18.29365293712744,17.134034906053333,29.14228667514491,28.35276861771052,16.866098664896306,17.04786152276774,3.251031442264253,1.1596180310741069,0.789518057434389,-0.18176285787143343
729313,32.19549881536627,32.859984153638635,21.622274009699414,19.78634524555404,33.09741860098423,29.336798290134112,20.84894151690527,23.452075410336263,-0.6644853382723639,1.8359287641453754,3.760620310850115,-2.603133893430993
729317,28.95574716065393,28.878066469305235,17.384038326807087,17.46623370626729,30.890302144978786,28.37523956311822,23.30776190483131,18.79649463655459,0.07768069134869648,-0.08219537946020239,2.5150625818605654,4.511267268276718
733971,34.694321666049504,30.275743924113687,17.733785895029463,19.81603930020748,25.841808418870453,30.24965225671393,16.29145003821632,27.43730439075539,4.418577741935817,-2.0822534051780153,-4.407843837843476,-11.145854352539072
733973,27.727054858662925,31.345190238690304,17.492545527266792,22.1805338297523,29.848782371271643,32.67627003624909,24.988689285064932,19.62228500102059,-3.618135380027379,-4.687988302485508,-2.8274876649774505,5.366404284044343
733975,29.369610574254168,22.534212487387776,14.75989404351932,17.836447633810906,25.215244927487426,22.829346624140477,15.216316606734228,25.740755125322508,6.835398086866391,-3.076553590291585,2.3858983033469485,-10.52443851858828
733977,33.40644886363069,29.617044404514925,18.950093266337607,16.087353612134326,29.064824387513145,28.320094739389834,21.012087742172746,17.415793876283296,3.7894044591157687,2.8627396542032812,0.744729648123311,3.59629386588945
733979,30.075609369428335,29.477102382054266,15.527814653689756,17.65391903179177,29.779273601816517,23.101888799487426,28.343444145868865,23.324636313826858,0.5985069873740692,-2.1261043781020135,6.67738480232909,5.0188078320420075
733981,36.14872656414584,29.40765875287003,18.805735580011287,12.745130578100191,25.285852400987576,26.673323120915036,16.55167748917749,17.487438875320848,6.7410678112758085,6.060605001911096,-1.3874707199274603,-0.9357613861433585
733983,27.519407365089297,30.170502406462358,16.64846908538834,18.897755601837247,25.670420022607225,25.062487649684975,21.427571344780535,21.677392809598025,-2.651095041373061,-2.249286516448908,0.6079323729222494,-0.24982146481749012
733985,30.230730321047826,27.551521197816033,11.695231172753191,18.213660915037167,27.369752338837525,25.52661416283918,15.64508995502249,28.583856965859116,2.679209123231793,-6.518429742283976,1.8431381759983445,-12.938767010836626
733987,32.83244678657953,30.11862236268634,18.1924287333251,20.12753706168374,29.145569964913154,33.071239047440514,15.296680948832588,16.196474563304857,2.7138244238931897,-1.9351083283586377,-3.92566908252736,-0.8997936144722694
733989,31.0790451941207,30.18684478092356,18.955788303013374,17.173878026025584,24.14596681310487,27.889699439088254,26.202914026062942,18.864451239780113,0.8922004131971377,1.7819102769877908,-3.743732625983384,7.338462786282829
733991,35.616900603888496,32.6365494886781,21.155541082598724,18.5484789348801,31.74125004531508,31.54592108979326,19.3314212106144,20.49235064091471,2.9803511152103965,2.607062147718622,0.19532895552181984,-1.1609294303003104
733993,28.948390930690238,30.09539076640062,11.187469978253862,17.721545742835485,26.854876040368634,26.67344055035763,13.500577870405456,19.731245301978525,-1.1469998357103819,-6.5340757645816225,0.18143549001100467,-6.230667431573069
733995,34.175120152941865,30.9387790303786,14.23094637062015,16.265197290641684,29.011325054201393,30.486470541955217,11.4657041922035,21.83715843618408,3.236341122563264,-2.034250920021533,-1.4751454877538244,-10.37145424398058
733997,28.669600432339617,34.47337308341834,16.12780716339146,20.797009347163602,25.769218266643005,28.888151922442425,25.841238911779996,17.384572721329015,-5.80377265107872,-4.669202183772143,-3.1189336557994203,8.456666190450981
733999,29.52983093667257,31.53507677441092,18.018895263571114,19.920203407884646,23.513546722270085,31.49470815906063,25.540434661927506,23.453960859167196,-2.00524583773835,-1.901308144313532,-7.9811614367905435,2.0864738027603096
734001,31.180120531248473,29.9993827673008,14.955342459337004,18.241746119268754,27.663816488655087,26.654210449046808,21.07899384293737,20.009367110879857,1.180737763947672,-3.28640365993175,1.009606039608279,1.069626732057511
734003,33.22910430137657,31.157072493667528,18.118208807274254,16.809349052435252,28.81423739559932,25.362075374864354,14.958196599756622,27.423680303206798,2.0720318077090454,1.308859754839002,3.452162020734967,-12.465483703450175
734005,29.865169406681208,29.50187476595436,7.532349679422961,14.95764130838964,27.289433124158354,25.07134056617673,7.288146551724138,21.311022199277232,0.36329464072684914,-7.425291628966678,2.218092557981624,-14.022875647553095
734007,34.048390929342695,29.9239552752335,22.228203539408963,17.39433930524745,28.952761667464983,27.47041916611052,18.98688811188811,19.765390781821772,4.124435654109195,4.8338642341615135,1.4823425013544629,-0.7785026699336619
734009,29.211132170489357,32.65451736016551,19.373293840359988,15.824961951817794,25.959784451506565,29.505150574410962,27.270406283671015,21.700840686322046,-3.4433851896761496,3.5483318885421937,-3.5453661229043973,5.569565597348969
734011,31.080402254878724,29.84721740649125,8.765286325377364,18.209535163984732,29.373281104652683,29.15512157561057,2.675,27.349237359051564,1.2331848483874737,-9.444248838607368,0.218159529042115,-24.674237359051563
734013,32.53334759490331,30.642981519045552,16.75308284762578,17.510846626764383,26.32335136807881,25.770443067882315,14.677357869928452,21.06995766371531,1.8903660758577594,-0.7577637791386032,0.5529083001964956,-6.392599793786859
734015,29.76502151156412,32.10877943166253,18.670092368529083,16.379536225988907,27.155077557211904,28.11960369592723,26.952863019855034,19.474952475787838,-2.3437579200984118,2.2905561425401757,-0.9645261387153248,7.477910544067196
734017,33.21099350638782,31.366502429596114,14.966269253125528,16.322977976680512,26.36659690255889,27.43546942047573,16.17806603773585,25.86438546103377,1.8444910767917087,-1.3567087235549842,-1.0688725179168408,-9.68631942329792
734019,29.348949799905466,35.3289498871448,11.143258103738134,19.707529580063948,27.498502612242987,31.04978704716851,20.32059084045839,16.877403846153847,-5.980000087239336,-8.564271476325814,-3.551284434925524,3.4431869943045434
734021,30.229793617385965,31.685680069389697,17.140596097831764,15.490009402062682,25.30841236720414,27.721611436383597,20.95734405222437,18.4599480427935,-1.4558864520037318,1.650586695769082,-2.4131990691794556,2.4973960094308723
734023,33.82453704563818,29.815797257489947,17.848413024674805,19.392130815823027,28.704935690656573,25.84253247218328,16.32152159675355,26.397352619839527,4.008739788148233,-1.5437177911482216,2.8624032184732933,-10.075831023085978
734025,34.30566614585595,36.87781472617432,18.309298442369737,23.441143340385974,27.054332766755955,34.59918430792947,25.97042212038179,47.25847069597069,-2.5721485803183697,-5.1318448980162366,-7.544851541173514,-21.288048575588903
734027,30.048247553618015,31.252373443525997,16.980723743033735,14.0417062307237,28.852401910985854,23.729433932305227,27.669598778215224,20.190296850511693,-1.2041258899079814,2.939017512310036,5.122967978680627,7.479301927703531
734029,33.60208695625259,32.30050781033358,18.045751290269326,16.08436901728316,26.597233981292383,27.77629285732795,17.090388826271237,19.137164848983623,1.301579145919014,1.9613822729861674,-1.1790588760355654,-2.046776022712386
734031,29.16086320723325,36.75719410028561,14.282087725981189,17.011845131233336,25.47897656264506,34.99102638979018,21.83561532553468,19.397577723639046,-7.596330893052361,-2.7297574052521476,-9.51204982714512,2.4380376018956333
734033,34.699207412423796,31.688314123272544,18.982664075247143,16.656187179742485,30.28672550105774,30.84657557354926,37.46599883855981,26.963246710203784,3.0108932891512517,2.3264768955046584,-0.5598500724915176,10.502752128356029
734035,35.21173885766736,30.80667701186853,16.33484791911759,13.947236470344972,26.112364176467448,23.845219704631155,16.88076409620306,18.464429320679322,4.4050618457988335,2.387611448772617,2.2671444718362928,-1.5836652244762632
734037,32.66334226024359,34.028053691903764,17.001449199114084,13.893581498836307,29.75814449945275,29.635722322800667,27.666062980312695,15.736032696878285,-1.3647114316601758,3.1078677002777777,0.12242217665208344,11.93003028343441
734039,29.917731979075985,36.40852437001736,13.94779099523657,20.65634493073822,27.2021066709769,29.705926561646542,19.269084722748516,22.871774474416064,-6.490792390941376,-6.7085539355016515,-2.503819890669643,-3.6026897516675476
734041,34.19379152865264,31.884757851910386,15.003727946411354,16.078897579648295,30.780352944856283,23.394052545720385,17.499413018619336,25.96240915067406,2.309033676742253,-1.075169633236941,7.386300399135898,-8.462996132054723
734043,33.22188538678525,36.45784589892777,18.54350456604394,21.357243481208933,29.591506471616235,33.20561255961113,26.637801318105307,24.34628191856453,-3.235960512142519,-2.8137389151649934,-3.614106087994898,2.2915193995407783
734045,34.53266507601656,36.458030199565464,14.912047973912937,12.262729550983824,29.195092307536534,30.562474889249184,16.841918733186482,14.457086501640568,-1.9253651235489002,2.649318422929113,-1.3673825817126506,2.3848322315459143
734047,35.02828795595307,34.40352365908935,15.646587669848085,24.007870815733433,29.484515073375135,30.949914495898646,18.248827149451152,24.15268935539094,0.6247642968637166,-8.361283145885348,-1.465399422523511,-5.903862205939788
734049,33.53136065358819,34.752374624643494,18.6428321530268,20.8217748516674,29.702576447454657,31.02688673071399,26.47709204786181,22.703439731797378,-1.2210139710553065,-2.1789426986406006,-1.324310283259333,3.7736523160644317
829705,34.33301658262165,33.299593612285584,18.466156198029495,14.93000191090798,26.5595174210266,23.449751239920236,25.87330203560517,22.872430325317424,1.0334229703360691,3.5361542871215157,3.109766181106366,3.000871710287747
829707,34.97308385584531,30.67651275991246,18.197485719172974,18.40641377680146,29.75092563322526,29.661840103327425,21.518464385814454,25.97507303198032,4.296571095932851,-0.2089280576284871,0.08908552989783658,-4.456608646165865
829709,33.087535834998995,33.55440147616008,19.061933697658795,12.971958358956494,31.35563806888013,27.772910882508487,23.879664769133463,21.629382196483448,-0.4668656411610854,6.089975338702301,3.582727186371642,2.250282572650015
829711,34.340861012674246,34.19760068355442,19.58010892926222,15.764386939714587,26.485193458320772,28.594530410662507,22.368513973718883,14.824741973712563,0.14326032911982622,3.815721989547633,-2.109336952341735,7.543772000006321
829713,33.19679050521531,33.738967535985516,17.96921506994547,16.394926022078334,29.08236220875156,30.706387718307415,24.84279237834633,17.62901059377164,-0.5421770307702047,1.5742890478671363,-1.6240255095558531,7.213781784574692
829715,28.522889986024587,34.82890832846723,18.546815138509867,14.550055393516143,20.3889266463281,30.210574646568627,24.61061302810904,22.536719870220107,-6.306018342442641,3.9967597449937244,-9.821648000240529,2.073893157888932
829717,34.238227740953725,29.04753378757076,17.387534687001093,20.017994506792583,30.35522429679978,28.05922361171404,23.963505429446187,26.429481132075473,5.190693953382965,-2.63045981979149,2.2960006850857404,-2.4659757026292866
829719,32.69305570221783,34.66672655672513,13.602432578126932,14.632797049739036,27.900878859138995,28.451886639136823,16.589561913780663,18.87480130549668,-1.9736708545072972,-1.0303644716121045,-0.5510077799978284,-2.285239391716015
829721,33.005123170372116,36.541976503585154,16.661714363416664,12.511707655749525,31.939882762749193,30.09406272284319,25.006919012672913,21.71051731671272,-3.5368533332130383,4.1500067076671385,1.8458200399060019,3.296401695960192
829723,35.694958789319465,31.61326200990909,19.69339518580469,13.822427865704082,31.89314049049961,29.955358953135775,24.023916674247182,14.45974839512872,4.081696779410375,5.870967320100608,1.9377815373638363,9.564168279118462
829725,30.55108647737522,31.626050915567024,18.816917454368724,20.53905022501082,21.132914000264268,29.119365290393958,25.143626378435147,24.80451279545853,-1.0749644381918024,-1.7221327706420944,-7.98645129012969,0.3391135829766192
829727,30.576248784181207,34.10182114220263,12.669558033910501,17.9239478633042,23.797708904175195,26.69964810166762,21.688359555789802,37.424920036716394,-3.5255723580214244,-5.254389829393698,-2.9019391974924247,-15.736560480926592
829729,34.72542345812685,34.891658144130794,19.373502927108397,14.100408745188483,29.75631047893139,29.37473204074287,22.30833814068559,22.386173979221756,-0.1662346860039463,5.273094181919914,0.38157843818851944,-0.07783583853616705
829731,30.272087928268217,33.051444666384064,17.918474983558852,15.26407421330506,21.522193865339247,26.737182681193563,24.329005123332948,21.265456499760838,-2.7793567381158475,2.654400770253792,-5.214988815854316,3.0635486235721103
829733,33.179292023755345,31.08503761784753,14.29019004944075,21.09527026881584,30.61311059003703,29.074249768683156,22.765736611504288,29.943378712991205,2.094254405907815,-6.8050802193750926,1.5388608213538753,-7.177642101486917
829735,35.64292491897289,32.02343389059844,19.38639448364041,14.111113827998642,30.10784313557611,24.649107716659117,22.23494704157207,22.150569024430915,3.6194910283744477,5.275280655641767,5.458735418916994,0.08437801714115523
829737,34.2609087168882,33.939999064614305,17.97640663703786,15.744261117204104,32.06533815692177,30.009401663078062,22.051480238099693,17.12781690207815,0.32090965227389745,2.2321455198337574,2.0559364938437064,4.923663336021544
829739,31.37336273061763,32.074673720478756,19.109156460346526,15.381174963673493,24.56896176374445,29.245124720906617,24.256338679752737,23.02023873954482,-0.7013109898611276,3.727981496673033,-4.676162957162166,1.236099940207918
829743,33.766763584593726,31.801711203664166,17.46656976926527,14.95882528612221,30.294103430194717,26.582258541799252,23.545378514039406,18.182668054051817,1.96505238092956,2.5077444831430604,3.711844888395465,5.362710459987589
829745,35.57348233376641,35.928948317814175,18.86727441746635,22.695889248268067,29.99354223064599,34.75379101335656,22.26059181743303,28.421040840144443,-0.3554659840477683,-3.8286148308017154,-4.760248782710573,-6.160449022711411
829747,29.811793818399963,37.984486141235,18.31383274310153,15.251122397836,22.857686235152382,37.871899168481065,23.591829004329004,19.69439717879778,-8.17269232283504,3.062710345265529,-15.014212933328682,3.897431825531225
829749,36.856202585925445,38.001120930312545,14.398905016331554,19.229376403331187,32.203574023028345,23.677261147092896,21.715067868973787,37.403375576951426,-1.1449183443871007,-4.830471386999633,8.52631287593545,-15.68830770797764
829751,32.81252495401412,30.62603663614269,15.639278011420213,16.270578609982113,31.377079144040803,25.503599571968575,24.33150664159141,34.37360161387407,2.186488317871433,-0.6313005985619,5.8734795720722275,-10.042094972282662
829753,35.37163551318633,33.27475472371645,19.248972474904033,22.61751753179346,26.78362265551798,28.19548665297182,22.468903897954476,29.57651805139782,2.0968807894698784,-3.3685450568894275,-1.411863997453839,-7.107614153443343
829757,33.33838862063321,38.1439832776322,18.84231732328299,17.827833344498163,28.578332524140908,26.350195205652014,25.603956644201972,32.539927546045504,-4.805594656998991,1.0144839787848277,2.228137318488894,-6.9359709018435325
829759,33.83395329164052,31.808162416945233,18.342868191377853,15.835802120831975,28.149529531422466,27.808832447241834,22.800807768833447,26.63890983985365,2.0257908746952857,2.5070660705458785,0.3406970841806327,-3.8381020710202023
829761,31.451050310369595,31.685979203403946,16.126384333439937,16.45246396028654,22.449656365087385,30.79720246250104,24.696879586942075,23.81640998761259,-0.2349288930343505,-0.3260796268466031,-8.347546097413655,0.8804695993294835
829765,35.964038148546834,33.639337071506354,19.83454482285387,14.42165000670532,29.978736183489314,32.71555201629881,22.782166841862036,15.740439416517255,2.32470107704048,5.412894816148551,-2.7368158328094943,7.0417274253447815
829767,29.474003537097946,34.66979752644136,18.27880555602639,18.712478858972908,23.99679138535279,32.127738409034045,26.376542491005523,22.79815547459245,-5.195793989343411,-0.4336733029465165,-8.130947023681255,3.5783870164130747
829769,32.15075258188646,33.95358955461005,17.823349201107046,13.56060215830062,27.976954338426168,30.67151352463638,27.094123548489094,15.616362112137972,-1.8028369727235898,4.262747042806426,-2.6945591862102134,11.477761436351122
829771,31.195365810259364,35.24519214175302,15.782409710846313,19.81150944905,31.304124170013797,30.21587913743287,16.480890406028813,29.855914936642492,-4.049826331493659,-4.029099738203687,1.0882450325809252,-13.375024530613679
829773,33.44956136772494,30.93580716189472,17.40708983821795,17.492051369588534,30.691067700485863,28.242330365247806,23.23578634546772,32.325042817262926,2.513754205830221,-0.08496153137058471,2.4487373352380573,-9.089256471795206
829775,33.044347318323915,31.112757379352228,18.791206527845087,19.329854906120403,27.719399676365022,29.09165409850507,30.930754906189435,24.542462702101254,1.9315899389716868,-0.5386483782753153,-1.372254422140049,6.388292204088181
829777,30.249315160932422,31.54606443027524,18.016713405632295,13.59982363532485,22.881036249709197,22.72229990943891,20.09645248762351,19.101035782156067,-1.2967492693428184,4.416889770307446,0.1587363402702877,0.9954167054674414
829779,33.81810020144961,31.979862196864932,16.57129107463138,19.623981593576048,30.63567426483025,28.301436781609194,23.001671705017714,24.756685446845022,1.838238004584678,-3.0526905189446687,2.334237483221056,-1.7550137418273088
829781,32.623785172193976,30.912436617606105,15.492597946221585,14.486167207435688,31.947814547915918,28.508767684707145,16.823787682298406,18.68883867072651,1.7113485545878717,1.0064307387858964,3.439046863208773,-1.8650509884281057
829783,30.958073936079444,33.29071861783236,17.184535868121447,18.07550002749231,23.395037721509716,32.956283787310575,27.747578154490046,28.872627870140967,-2.3326446817529174,-0.8909641593708635,-9.561246065800859,-1.1250497156509205
829785,31.625504732506005,33.728756294858826,19.036815856006093,21.50673226668032,28.483658019339906,24.352738038359362,24.2883008768868,32.80904439128123,-2.1032515623528205,-2.4699164106742266,4.1309199809805435,-8.520743514394432
829787,34.22576506426986,30.0995610662996,14.470813805864404,16.46654127809744,29.745270696385866,25.476568445137612,21.236614265138208,14.806898721706052,4.126203997970258,-1.9957274722330371,4.2687022512482535,6.429715543432156
829789,33.02393037609435,32.89003434141465,17.752017040049527,16.197234226669515,30.682044265107923,29.286074452564414,23.569225470674358,23.039622043252642,0.1338960346797009,1.5547828133800117,1.395969812543509,0.5296034274217156
829791,31.3745995822281,27.993417084348163,17.537539831453053,17.52435812700947,30.569103712142915,27.95418531296872,23.471040650852004,32.169213900134956,3.381182497879937,0.01318170444358202,2.614918399174197,-8.698173249282952
829793,30.252656959646504,30.175408500596316,16.35521742668487,16.174801752036878,22.721273258193413,25.525209432113698,20.842120597331217,14.868675164951158,0.07724845905018896,0.18041567464799257,-2.8039361739202846,5.973445432380059
829795,33.94862718425457,41.48270800820776,17.463346194162533,22.436052836560417,32.86491821887974,24.525689496516666,23.792732937363226,30.37346681096681,-7.53408082395319,-4.972706642397885,8.339228722363071,-6.5807338736035845
829797,32.69060752031621,34.07338011709193,15.194270937265241,14.234257571028962,31.504285129812942,29.031641515896137,23.363862548226614,21.118067032000578,-1.382772596775716,0.9600133662362786,2.472643613916805,2.2457955162260355
829799,30.388478712704565,30.646820422276022,19.62888533421105,17.169162635431366,27.910217997882878,26.080368351689675,32.80396789678968,24.36907887078454,-0.2583417095714573,2.4597226987796823,1.8298496461932032,8.434889026005138
829801,33.098915333322935,30.163547050990374,14.737752210966358,13.07768100879328,31.060293814903698,24.55403655724489,13.927801858234485,17.24463752703906,2.9353682823325613,1.6600712021730768,6.50625725765881,-3.3168356688045755
829803,29.596737896492645,36.70655265843986,14.498710800842176,22.209074285742403,26.873307809975223,30.302483290412496,27.565013947538034,29.091583475455923,-7.1098147619472165,-7.710363484900228,-3.429175480437273,-1.5265695279178892
829805,32.9759783456661,34.9905644084726,18.090546827761035,16.011020570743593,31.794134661916306,31.67077245855059,24.640584529411203,24.936511568761617,-2.014586062806501,2.0795262570174415,0.12336220336571557,-0.2959270393504134
829807,35.92472543171057,34.535597361523386,20.13057611552478,15.988184125631824,25.085402495358203,24.087838527271757,23.989824838025704,18.732438799949826,1.3891280701871835,4.142391989892955,0.9975639680864461,5.257386038075879
829809,34.02045021626974,30.414680472644942,18.30335568569507,17.439064004452117,29.107537167692982,27.2120238338844,20.247218116167037,27.682870732298483,3.605769743624794,0.8642916812429533,1.8955133338085837,-7.435652616131446
829811,32.358585040284034,32.0535003663425,18.625378993458348,14.577053701704779,31.594841814133346,26.282924305265976,23.27858288976548,22.40365353756747,0.30508467394153627,4.048325291753569,5.311917508867371,0.8749293521980093
829815,35.18976547154642,32.931403026618234,16.048722853523962,15.903207475445239,25.812357650983426,29.094048490269873,25.634458180893336,18.490335225627746,2.2583624449281885,0.1455153780787235,-3.2816908392864477,7.1441229552655905
829817,31.20940001911035,36.216975660444746,17.80652044592454,17.50855898728316,29.64076250440089,33.663162350441155,23.673629385956477,26.227130117785848,-5.007575641334395,0.2979614586413817,-4.0223998460402655,-2.55350073182937
829819,33.81343724833642,33.18994196917452,15.950058111934894,21.478475749177136,28.60020854871916,26.211358384471225,21.935397320264684,26.299059726826037,0.6234952791619008,-5.528417637242242,2.388850164247934,-4.363662406561353
829821,31.210269122239936,35.8801767360779,17.561127681444805,21.543862592135472,29.538803712622297,30.801486437417022,23.864829410840418,26.189786957228815,-4.669907613837964,-3.9827349106906667,-1.2626827247947254,-2.324957546388397
829823,31.60743017967415,36.25993455375501,17.874565676719463,15.915396663325476,29.44067307851192,32.81980159363401,24.11173487527881,26.389672613223063,-4.652504374080859,1.9591690133939874,-3.3791285151220904,-2.277937737944253
980901,36.748412363273346,35.22093485867013,16.885833234532043,15.955239805984055,34.86944042027571,28.987974186773517,22.24817613106651,20.51963560024131,1.527477504603219,0.9305934285479882,5.881466233502191,1.728540530825203
980903,30.181916643206645,30.823956228792486,18.471715176276906,17.207457244344564,29.69155675828705,26.84517783063954,22.49303232998885,17.845897824417285,-0.6420395855858416,1.2642579319323417,2.8463789276475104,4.6471345055715645
980905,30.90246902058618,31.912083979531143,15.053895995331866,16.759641342490966,29.67149972473546,30.060022883859602,23.672179975488856,21.072093080271014,-1.0096149589449617,-1.7057453471591,-0.3885231591241407,2.600086895217842
980907,36.1259995793198,32.898744202054274,15.636170598832397,17.937754130915078,26.94587891305853,30.010007715647703,15.58851590482045,23.223578839219073,3.2272553772655286,-2.301583532082681,-3.064128802589174,-7.635062934398622
980909,33.374701073262365,25.65109003464772,20.465902275466156,13.992235503722418,33.08184587612151,27.369867229349335,18.672813553083333,17.232510781272392,7.723611038614646,6.473666771743739,5.711978646772177,1.4403027718109414
980911,28.554187296206486,33.27178549345896,16.078652879439176,17.216019530783726,26.16106792018313,28.534793783869873,21.9270994752773,20.758551369265657,-4.717598197252471,-1.13736665134455,-2.3737258636867438,1.1685481060116416
980913,27.96086056893501,32.641183420801966,15.73743929571808,14.663600477459752,25.26342495564407,30.139822779763584,20.039728397079656,20.288314049709847,-4.680322851866954,1.0738388182583272,-4.876397824119515,-0.24858565263019017
980915,33.387423165139126,32.88639191458041,17.53559585838237,18.294342361202634,30.108661928315122,30.08977542328502,24.013800185868767,37.398818238273165,0.501031250558718,-0.7587465028202658,0.01888650503010325,-13.385018052404398
980917,31.211714991415306,33.82921241573498,16.75505961851087,14.743542519881197,30.012861295858684,33.085214999011214,21.85514609782214,18.652400576162186,-2.617497424319673,2.011517098629673,-3.0723537031525296,3.2027455216599527
980919,30.70775502989999,33.43146236108711,13.832858724798871,16.14198554425345,27.883466818727968,27.612386522443632,17.695422084130833,19.711576670105483,-2.723707331187118,-2.3091268194545798,0.2710802962843353,-2.0161545859746504
980921,29.86496927356236,37.856823655976974,14.664527185869739,19.369498063298018,24.161662161445143,31.415778962555304,17.030704229604446,22.967086037447203,-7.9918543824146155,-4.704970877428279,-7.254116801110161,-5.936381807842757
980923,33.8361852877642,31.206551187278023,12.630595046330011,13.94651187604562,30.436560484200577,27.203619683554624,18.57837325213486,19.987206484717387,2.6296341004861787,-1.3159168297156079,3.2329408006459524,-1.408833232582527
980925,31.641598059617333,33.068943209594494,17.821750338870363,13.956409821493395,28.562016637802575,31.852209828881527,23.98101145873661,15.098828512173743,-1.4273451499771603,3.8653405173769677,-3.290193191078952,8.882182946562867
980927,29.64085659930446,35.78502645385942,16.22879375532512,16.83979729186531,24.360345693483787,28.56051477368508,19.828093972680538,19.420792595893253,-6.1441698545549635,-0.6110035365401885,-4.200169080201295,0.4073013767872844
980929,29.66863697751125,34.98110454630486,18.230368033903403,15.49375683311565,26.97427040913564,30.029300277030828,21.514642022386994,24.098343528658138,-5.312467568793611,2.7366112007877526,-3.055029867895186,-2.5837015062711437
980931,34.873668262225884,35.91128418929385,16.22897199081992,17.625817610267383,30.803414491017726,25.345435657441172,20.447676716727315,18.92502660677081,-1.037615927067968,-1.3968456194474612,5.457978833576554,1.5226501099565048
980933,30.333423460365093,35.17172743430108,16.692902633157065,17.706218756532145,26.257190954806624,34.75557690420471,27.047428941251823,21.89940052610742,-4.838303973935989,-1.0133161233750805,-8.498385949398084,5.1480284151444025
980935,32.69180140451338,31.56153053134692,12.521061743577889,14.404889795755244,30.077253311795857,29.056441830101193,15.549036242549196,25.139113961296417,1.130270873166456,-1.8838280521773552,1.0208114816946647,-9.59007771874722
980937,28.356223838739123,35.66904042643795,16.640565895773157,18.482726792431702,26.692116206052187,22.553675154684445,18.18337536690794,18.441582619243416,-7.31281658769883,-1.8421608966585445,4.138441051367742,-0.2582072523354775
980939,32.633013110267335,31.400659393470146,17.702340083376775,15.295540641219768,31.37579922688515,26.27544274168204,23.98464901417411,20.299477358063367,1.2323537167971885,2.4067994421570074,5.100356485203111,3.685171656110743
980941,28.129464890933985,30.27212737617928,15.567504515476264,14.428024427851659,24.8230809879451,27.527142134168727,20.104684334280666,19.687438004510216,-2.142662485245296,1.1394800876246052,-2.7040611462236264,0.4172463297704496
980943,33.386154986538536,31.60132628946023,15.821560337193763,17.101962646024173,23.312385508658437,29.23704308103417,20.387053895874914,27.43954231819695,1.7848286970783072,-1.2804023088304106,-5.924657572375732,-7.052488422322035
980945,31.40280486550621,29.634983139879036,16.818577606501538,16.137852048883282,29.494497979019712,28.462350153055244,26.69419104927033,21.638745839683487,1.7678217256271722,0.6807255576182563,1.0321478259644685,5.055445209586843
980947,32.76520357041859,33.98370253962023,15.01126503763848,15.624624903160619,31.682569072826077,31.89092419896909,22.37071912045061,20.53016948176081,-1.2184989692016401,-0.6133598655221384,-0.20835512614301166,1.8405496386897973
980949,30.17056193006596,30.207277665586723,16.12143249816981,14.744485791920763,27.074027046349602,21.842369602698703,22.620663122128875,19.90370001634883,-0.03671573552076168,1.376946706249047,5.231657443650899,2.716963105780046
980951,31.011994348151518,33.928965140274116,14.705934052873278,16.7389246776026,31.68977375565611,31.820634433981397,18.172367669739394,22.1818615091675,-2.916970792122598,-2.0329906247293223,-0.1308606783252877,-4.0094938394281066
980953,31.668664769116116,29.262430211843014,16.359407183581336,15.72206574188813,22.646755526823306,29.226777492973724,20.310761298560593,27.179527690140898,2.406234557273102,0.6373414416932057,-6.580021966150419,-6.868766391580305
980955,32.409488665863385,32.7609919225852,12.926421410639852,16.38365901186244,27.2519972713111,32.44309016583158,21.298936410118998,18.784055174385365,-0.3515032567218128,-3.457237601222589,-5.191092894520477,2.5148812357336325
980957,31.004457786290033,32.305693365334875,14.668035487176184,15.714394266992418,19.853829985266394,26.785642866202604,19.273730890504044,20.052072588370113,-1.3012355790448424,-1.0463587798162344,-6.93181288093621,-0.7783416978660682
980959,34.12600933952228,36.133896196594975,17.911404470152057,17.461306077232184,31.425748659242764,27.83898803606565,23.268270232871348,19.39059039140682,-2.007886857072698,0.4500983929198732,3.5867606231771134,3.877679841464527
980961,29.37790379385796,32.57434682861426,15.615439027144053,14.943821151806125,22.717276146606427,28.948478761991765,18.369716976321474,19.291795725407965,-3.1964430347562995,0.6716178753379278,-6.231202615385339,-0.9220787490864915
980963,36.28480355829021,32.22774959364132,18.107879803411983,17.362351622733097,29.6695416108397,31.86854883091856,18.67672223135785,18.923829253782085,4.057053964648887,0.7455281806788854,-2.199007220078858,-0.24710702242423466
980965,39.689162288748335,31.610469018176094,16.84757219648616,13.87455882556616,43.54557416267943,25.205428889959517,23.7116524419156,18.100287532072684,8.078693270572241,2.9730133709199986,18.340145272719912,5.611364909842916
980967,31.8158087275533,30.224947154294156,16.88578523999997,15.809259485093303,28.865361438409426,30.23894553228268,20.294440773278808,25.480038282211797,1.5908615732591436,1.0765257549066654,-1.373584093873255,-5.1855975089329895
980969,30.905408837758845,38.93336866006608,15.162692586573787,14.455483017017524,27.757210101002045,28.801158410452206,21.81190416727246,15.863293432870364,-8.027959822307235,0.7072095695562624,-1.0439483094501618,5.948610734402095
980971,36.720021204309425,30.180267443937307,15.63120814744381,13.75627645600438,39.57470011574524,28.95666447578728,18.78887567979507,16.07816113700435,6.539753760372118,1.8749316914394285,10.618035639957956,2.7107145427907184
980973,34.91025941349767,30.72885805359764,15.247891989999587,16.877502567278242,36.173391432660175,24.504736695962624,20.036274707849024,25.47709031288258,4.181401359900029,-1.6296105772786547,11.668654736697551,-5.440815605033556
980975,30.920420512064457,32.71612060391742,15.150255231165886,17.253564926910492,28.713844617074948,28.841978414568665,18.118740591544015,18.80151896324487,-1.7957000918529609,-2.1033096957446062,-0.12813379749371734,-0.6827783717008558
980977,26.48635650236503,36.86841621207325,16.33722812249844,15.236384010470863,28.422437014294708,28.55884928458716,21.383564935851194,22.610357016444567,-10.38205970970822,1.1008441120275787,-0.13641227029245329,-1.2267920805933734
980979,34.046290206095065,31.61477389018283,16.777602067196195,18.398672285122206,31.6630956681014,30.75180166776847,24.28592452713424,25.86159525774749,2.431516315912237,-1.621070217926011,0.91129400033293,-1.575670730613247
980981,31.32608637442279,36.60482786570186,14.98753132415663,15.44361754291167,25.626186894124224,29.43187063987259,19.966713422854717,20.626146959415955,-5.278741491279067,-0.45608621875504163,-3.8056837457483645,-0.659433536561238
980983,29.828676640360378,30.51458420836065,16.51736991024549,19.260199456118663,26.896170689907574,27.56063804990818,19.53158263305322,24.949010735512786,-0.6859075680002711,-2.7428295458731746,-0.6644673600006072,-5.417428102459567
980985,34.03275852300783,25.71197981159627,14.453551466504948,16.36880686392877,30.220391921211608,25.62744338202804,18.791526151137116,18.406409309638384,8.32077871141156,-1.9152553974238238,4.592948539183567,0.38511684149873204
980987,32.549840767614235,35.49730465272276,14.13674475647403,17.603763075654264,30.496867441860463,25.787963552346014,17.921641807575575,19.38922964029574,-2.947463885108526,-3.4670183191802337,4.708903889514449,-1.467587832720163
980989,34.10796096667878,31.707556046922623,17.27115801806367,24.558563337846515,25.937141221993212,27.125576866170086,22.33031122364973,39.149931363928566,2.400404919756159,-7.287405319782845,-1.1884356441768738,-16.819620140278836
980991,25.02445462642857,31.53710028039641,17.293309956756087,18.361463252920718,22.14475073759572,28.254177066240416,24.048311386568017,23.962760530838416,-6.512645653967837,-1.0681532961646312,-6.109426328644695,0.08555085572960053
980993,32.83187993203392,30.45396152313835,16.72585616117939,16.147889949336204,28.98156669619252,23.32466427394951,27.735880663735117,22.689909313879053,2.377918408895571,0.5779662118431865,5.656902422243011,5.045971349856064
980995,33.65421243779501,40.49968714528151,16.24388579758756,18.181734366997652,29.99422094246798,25.969291592608542,21.955301646110478,16.046917342895462,-6.8454747074865026,-1.937848569410093,4.024929349859438,5.908384303215016
980997,32.12432099615964,30.10808483183591,17.56477217201508,20.036232058241247,28.304865702211888,27.941066623774105,23.023644632992898,33.75546746090403,2.016236164323729,-2.4714598862261674,0.3637990784377827,-10.731822827911131
980999,31.830177101256485,37.44366605496027,14.357045404716795,20.563378675268144,29.708598779823618,26.905984908989318,17.682054249171852,22.37980615731072,-5.613488953703783,-6.206333270551349,2.8026138708343,-4.697751908138869
981001,31.850082698428068,31.82500775773453,13.512066983904862,11.383597546114498,28.583643337710004,26.734712394208973,17.87601661364941,17.566176579247372,0.025074940693539105,2.128469437790365,1.8489309435010313,0.3098400344020362
981003,32.70026789143854,30.760136820028837,15.836513165005474,16.460058085320636,31.836022414386797,27.86536690661727,18.594647723583794,18.982909752060298,1.9401310714097058,-0.6235449203151617,3.9706555077695285,-0.38826202847650393
981005,29.943857201611547,30.314297810379227,14.563885434633445,18.50795110142815,28.077317220945915,26.361100633842867,16.940842774186933,28.661826719246033,-0.37044060876768015,-3.9440656667947067,1.7162165871030481,-11.7209839450591
981007,30.27173186951246,33.39949228806132,14.441775192808853,14.733327745214883,28.528687352609808,27.77618441026908,18.06261860234221,20.746678927712182,-3.1277604185488563,-0.2915525524060296,0.7525029423407261,-2.6840603253699733
981009,31.262395073617814,30.60423914180997,12.867291666656076,16.894362690302323,27.026693419666763,30.039884227737655,18.511823005812847,22.120890074837444,0.658155931807844,-4.027071023646247,-3.013190808070892,-3.609067069024597
981011,33.78677091122024,35.8401008123723,15.593099830267722,18.080843301004826,36.115670117917745,26.975600869545428,19.516114457789342,16.273736062111354,-2.053329901152061,-2.4877434707371044,9.140069248372317,3.2423783956779886
981013,31.423925954554942,37.35548603573483,15.226748981089221,18.030001294940114,30.77862237424904,29.850557358362792,18.450173625979566,14.494443025780633,-5.931560081179885,-2.8032523138508925,0.9280650158862471,3.955730600198933
981015,30.635576245101166,31.780708576906505,14.512509669792362,15.714698477168522,26.639533011027066,29.864960927984534,20.859387882499142,20.18392379898093,-1.145132331805339,-1.2021888073761602,-3.225427916957468,0.6754640835182109
981017,31.312147674266097,31.682783987774936,15.765961300275137,17.125843811382403,32.45238555788214,29.33173145151957,17.4146214667735,25.27908352908353,-0.3706363135088395,-1.3598825111072657,3.1206541063625686,-7.864462062310029
981019,37.408922576969665,31.851371694343783,18.85323132816029,17.107570882748696,31.436584483795972,29.690811159065085,17.00858912678764,21.955751780868386,5.557550882625883,1.7456604454115947,1.7457733247308873,-4.947162654080746
1082591,32.92674593053231,31.305041791081365,20.10069735695489,17.74673716617173,33.91073455035335,30.9721858757102,19.027717745548195,22.40566711396297,1.621704139450948,2.353960190783159,2.9385486746431475,-3.377949368414775
1082592,35.774447361208196,32.83529975289353,12.689179808435526,19.915321825462428,25.411981968711473,28.501919150622754,17.746197184784005,32.449891720129614,2.939147608314663,-7.226142017026902,-3.0899371819112815,-14.703694535345608
1082593,31.10143065060776,28.156537163101298,15.044550786646713,20.39995629182171,29.741361259249565,25.92043255014785,9.823091017216585,30.961790293040295,2.9448934875064623,-5.355405505174996,3.8209287091017146,-21.13869927582371
1082594,30.11811170543712,33.275857929866575,17.224676132518248,16.36979170618993,27.667646521095506,28.43525315087731,21.419117137591286,23.153602302969162,-3.157746224429456,0.8548844263283186,-0.7676066297818025,-1.7344851653778761
1082595,32.18929134770489,32.32791095221112,14.720121129544026,17.384822595521037,32.8683998858266,32.190062510060365,17.079549371999438,24.247245582286567,-0.138619604506232,-2.6647014659770107,0.6783373757662332,-7.167696210287129
1082596,31.977703563313522,34.72333928552922,16.413711805221514,19.830904720434276,30.794412356930543,27.474721742473935,16.091223827897135,24.82362070511888,-2.745635722215699,-3.4171929152127625,3.319690614456608,-8.732396877221746
1082597,33.74103572088509,34.14117572993096,15.223210533083863,15.840043471139788,30.536869104278228,24.90731909624634,29.085486388611386,24.749739700977457,-0.4001400090458702,-0.616832938055925,5.629550008031888,4.335746687633929
1082598,29.755052291048266,31.523138890513994,15.528133413075173,19.96657273665786,27.612176831198887,26.267348666669683,20.1984773921655,21.766366141883864,-1.7680865994657289,-4.438439323582687,1.3448281645292042,-1.5678887497183638
1082599,30.91612211186262,35.135682617202015,14.481617895310416,18.104664442968133,24.775667569272834,35.924785359827254,18.310984604934074,31.84783814247877,-4.219560505339395,-3.623046547657717,-11.14911779055442,-13.536853537544697
1082600,34.38556023918485,35.98937548629576,17.11475725035203,22.39485520621293,25.094780943623082,35.29520368725146,24.95985242940937,30.851662191866964,-1.6038152471109157,-5.280097955860899,-10.200422743628376,-5.891809762457594
1082601,27.401220613260882,32.54270203932791,16.53678646782027,14.69819405046876,23.876825417892746,28.697512752346555,28.80970053414998,18.59134060595863,-5.141481426067024,1.83859241735151,-4.820687334453808,10.218359928191347
1082602,33.193378575234924,36.42788752442108,14.578531213035754,14.963801934658983,26.783149586895266,27.051586239892107,18.2122498836926,13.87438598898531,-3.234508949186157,-0.38527072162322895,-0.26843665299684005,4.33786389470729
1082603,31.228806526468816,35.612572459125204,12.892664011085865,16.97627514049098,28.240242546620394,35.08848039215686,13.493682846915004,22.0487922705314,-4.383765932656388,-4.083611129405115,-6.848237845536467,-8.555109423616397
1082604,32.825825770538216,34.5740755491678,18.206945800745533,19.909936280102563,32.323942783484924,32.346704622249575,35.71881052741258,23.397730092764572,-1.7482497786295852,-1.7029904793570303,-0.022761838764651543,12.321080434648007
1082605,33.639695576593624,32.01071589930336,15.891903896122415,13.732366179003643,27.509241442222706,28.673614049022518,19.41627063291623,16.725977864399912,1.6289796772902676,2.1595377171187717,-1.1643726067998124,2.6902927685163185
1082606,29.541249277452618,30.35781275207914,25.6838684835148,17.428872023611408,31.09941600057968,23.706695085989992,46.369674178220194,25.713064038222214,-0.8165634746265233,8.254996459903392,7.392720914589688,20.65661013999798
1082607,34.35727531402174,36.56651329066884,13.50483936506682,17.54941008927033,33.600174048700964,30.243068138389358,19.262228997289974,17.65913161392938,-2.2092379766470955,-4.044570724203512,3.3571059103116063,1.6030973833605948
1082608,31.786467266523605,31.275859103135105,16.983719937814325,20.318947046301133,28.05644377587992,27.766668493331778,21.516665564857426,30.426115471272123,0.5106081633885005,-3.3352271084868086,0.2897752825481419,-8.909449906414697
1082609,31.08183782318037,33.321228011973446,13.48299293575983,19.601034384419258,28.95903290538405,30.93859311839817,16.19602114569783,22.386663572980805,-2.2393901887930774,-6.118041448659428,-1.9795602130141212,-6.190642427282974
1082610,33.02325202023943,37.4186189483925,20.984090125914268,17.22429492418181,31.651392727773136,23.18670104835263,31.20391540359539,25.731883199325353,-4.3953669281530665,3.7597952017324587,8.464691679420504,5.472032204270036
1082611,29.355947797103227,31.24065779897551,17.080744904104026,19.4614001067955,24.762160227742072,27.39173415228769,22.292150560852434,21.581587764807608,-1.884710001872282,-2.380655202691475,-2.6295739245456176,0.710562796044826
1082612,30.9210110104076,31.2748679379479,16.920639050948285,13.915060244201246,22.025862356020493,26.94512836158578,25.484414480535822,17.940285720187564,-0.3538569275402992,3.005578806747039,-4.919266005565287,7.544128760348258
1082613,31.251052055694938,31.70622171476876,11.953942083376212,19.424690336120943,28.63082287008186,27.886363140120366,16.19507943179194,30.626756495158517,-0.455169659073821,-7.47074825274473,0.7444597299614948,-14.431677063366578
1082614,34.05031837434203,35.30707094319524,18.188368162295266,15.188737406840156,29.955978379403568,27.315386897566228,23.717702722725363,21.90226098945368,-1.2567525688532157,2.99963075545511,2.6405914818373404,1.8154417332716832
1082615,34.07150412479491,33.06843943788449,18.586211004229206,20.36735765104408,31.702977958329956,27.408534255013535,27.656944444444445,23.697424771310565,1.0030646869104203,-1.7811466468148751,4.294443703316421,3.9595196731338795
1082616,31.78793511059091,32.05158817357551,17.879965733274155,14.322955867729565,28.571800999665776,28.652831645512627,27.979166666666664,17.4262493175336,-0.26365306298459856,3.5570098655445896,-0.08103064584685171,10.552917349133065
1082617,34.034145748080114,35.22225801102448,16.138927790469936,15.44394725458927,32.11031962393913,26.998991326881505,22.16417693640476,15.330017313051693,-1.1881122629443652,0.6949805358806653,5.1113282970576215,6.834159623353068
1082618,32.79790718624738,36.07582530833183,14.170790005888074,15.159111370328286,26.21012282205595,34.71042573150263,21.686847747720364,23.178165682530516,-3.2779181220844507,-0.9883213644402122,-8.500302909446681,-1.4913179348101515
1082620,33.488840500830264,34.24702138588058,20.24341524349226,16.129574290601838,32.406846867076446,30.813402585191234,26.344547511672594,22.843740687764466,-0.7581808850503151,4.113840952890424,1.593444281885212,3.5008068239081283
1082621,31.439114911820987,37.99017382681134,18.51008263973277,16.780266431458294,27.326341854749298,35.509808778071076,30.974072572954412,15.698634102216191,-6.551058914990357,1.7298162082744746,-8.183466923321777,15.275438470738221
1082622,32.865881048638954,35.98381222790169,18.40340580333868,20.031259136328526,29.099561706190762,32.13653567888546,23.97944908186054,26.54945993386648,-3.117931179262733,-1.6278533329898472,-3.036973972694696,-2.5700108520059395
1082623,29.63842360713562,34.704342914890525,13.091786373325585,17.962512912075134,26.9844243383428,25.30906514002215,18.507876599221248,23.138728138653875,-5.065919307754903,-4.870726538749549,1.6753591983206526,-4.630851539432626
1082624,35.494812197475376,31.388836166838985,11.951468967170868,18.114110488443394,29.409871753977015,27.792677993051242,17.508484353195314,25.229516152005804,4.105976030636391,-6.162641521272526,1.6171937609257725,-7.72103179881049
1082626,34.72514884471588,34.47516352743368,16.670558055971245,13.294908168590862,32.45510025413638,29.684615384615384,20.161187830293905,16.44603115973582,0.24998531728220286,3.3756498873803835,2.770484869520999,3.715156670558084
1082627,36.85046248511031,35.741292717955844,19.66598217991056,17.755026067860292,33.81976134159285,23.26569331145668,26.05320723597842,20.243169414504933,1.1091697671544694,1.9109561120502683,10.554068030136172,5.810037821473486
1082628,34.310082718384145,29.30478219021766,16.38694855114045,15.567789939449336,26.740180175444156,26.3891979124443,26.042847288600186,22.242076889414438,5.005300528166483,0.8191586116911136,0.3509822629998567,3.8007703991857476
1082629,35.02601137210112,33.799530855514696,11.700593536445291,14.923252052271383,30.64397261038654,32.272384212712716,15.31799051355503,21.579278725434502,1.2264805165864203,-3.222658515826092,-1.6284116023261745,-6.261288211879473
1082630,29.59970765805456,36.50421801641149,14.247455365927909,18.364649692447024,25.567517705048477,25.5255413193424,18.01120393809698,19.293229281807214,-6.904510358356934,-4.117194326519115,0.041976385706078645,-1.2820253437102345
1082631,31.610017146922107,33.903663926400164,18.669117965691612,15.574302641501571,28.791557432446517,30.569397644319388,26.025663556940085,21.386220856763757,-2.293646779478056,3.0948153241900407,-1.7778402118728707,4.639442700176328
1082632,30.267715374105897,32.566284405907915,15.143603610297266,11.013634968633214,22.245673656405934,28.602513976454127,15.697678363718937,15.25093680553082,-2.2985690318020175,4.1299686416640515,-6.356840320048192,0.44674155818811734
1082633,33.77017907140259,32.51479690999627,15.180684535250629,16.170810632721548,30.479315092037545,28.358868246829857,16.752184144317418,17.02646397494919,1.2553821614063168,-0.9901260974709185,2.120446845207688,-0.2742798306317731
1082634,33.66709923383191,37.89258949804881,16.184610743331934,18.068273943500404,31.325416137239884,29.731982334885128,22.02053311895478,23.479288768345302,-4.225490264216894,-1.8836632001684706,1.593433802354756,-1.4587556493905218
1082635,30.646915681387856,31.95118160078198,14.742050604774775,17.67958018277952,25.37155364163712,22.837101933945682,17.110484548122816,26.32513806327364,-1.3042659193941226,-2.937529578004746,2.5344517076914386,-9.214653515150825
1082636,29.93828446918502,30.997584396492744,16.71186521283473,16.882303977806515,29.991794940367477,27.10985560198302,23.481245234220083,15.082540678728702,-1.0592999273077233,-0.17043876497178445,2.8819393383844556,8.398704555491381
1082637,31.761083491695207,33.594599139916895,12.060137089487847,16.96109812947526,27.301644480828198,28.589668688310944,15.193497737780744,17.157551398015926,-1.833515648221688,-4.900961039987413,-1.2880242074827457,-1.964053660235182
1082638,33.968137912917626,29.911726124305268,18.850261164943433,20.03193872851137,27.917722736459783,25.60176044600242,25.917624782540585,21.72395839022206,4.056411788612358,-1.1816775635679377,2.315962290457364,4.1936663923185264
1082639,35.24789796921665,31.06970139533824,16.644049415640676,17.955305116265084,33.464580381542795,28.418237989451175,26.658720036083867,18.730498188041175,4.178196573878413,-1.3112557006244074,5.046342392091621,7.928221848042693
1082640,30.79821111133776,32.636035541439526,13.571180139816116,11.613718206330185,26.848168865597785,27.31831666684065,16.053254963820887,15.734646250659246,-1.8378244301017652,1.9574619334859307,-0.4701478012428666,0.3186087131616411
1082641,33.24935455485493,30.52030881159891,17.992808144478182,18.23903695498621,26.62669319518995,26.33291787004432,25.53805515015446,18.79237574344161,2.729045743256023,-0.24622881050802903,0.2937753251456314,6.745679406712849
1082642,29.46165604281089,33.4163129070918,14.070233846707072,19.746666201203638,24.196001343967886,30.60683793880812,16.862625751180502,24.511400957290135,-3.95465686428091,-5.676432354496566,-6.410836594840234,-7.648775206109633
1082643,33.3684509026452,33.11743886930352,12.052441280570303,20.12979088965641,27.489934764230924,26.415268090601206,16.538258869747526,20.06994065099795,0.25101203334168076,-8.077349609086106,1.074666673629718,-3.5316817812504233
1082644,36.622579036970166,35.80650661899093,15.495411346991682,14.130654130755858,36.0121724362232,25.376121656352645,28.352093310942493,16.508680425959895,0.8160724179792354,1.3647572162358248,10.636050779870558,11.843412884982598
1082645,32.470112329205314,33.63452106844682,17.388800157755362,19.652539563970066,29.0540626847673,31.71354060140597,18.824765129910773,25.077139875337057,-1.1644087392415088,-2.263739406214704,-2.6594779166386715,-6.252374745426284
1082646,29.063120607108868,28.981633778547067,12.476212698249379,15.696809501612403,24.985352502785894,28.06251174434809,16.687557509039664,15.47119631618605,0.08148682856180045,-3.2205968033630246,-3.077159241562196,1.216361192853613
1082647,34.00453280336958,32.27269463411473,17.286456320617553,20.426877873771478,28.28724101696176,28.39325925331089,25.32479545959658,20.495327749156207,1.73183816925485,-3.1404215531539243,-0.10601823634912932,4.8294677104403725
1082648,32.22852422313486,35.40788104214247,16.569065421013683,18.534216629136623,31.495709855026814,31.76540504094022,28.308964610505782,21.346534161843152,-3.1793568190076087,-1.9651512081229399,-0.269695185913406,6.96243044866263
1082649,32.888840893179875,31.970627737960736,17.50449573703302,14.750206407093064,34.51046651460419,26.934142213466835,22.530614203743102,23.403929413415135,0.9182131552191386,2.754289329939958,7.576324301137355,-0.8733152096720325
1082650,31.909750143528953,30.577585999631015,16.592940479362888,19.48045717193908,26.956773027697565,29.82916755832911,23.888564821878667,21.577911374603236,1.3321641438979377,-2.8875166925761917,-2.8723945306315457,2.310653447275431
1136561,34.1302814045762,31.7685835752046,16.92971146576172,15.789014062020168,32.60806614250178,28.523816782810684,25.53297520617441,24.536721044310873,2.3616978293716,1.1406974037415516,4.084249359691093,0.9962541618635363
1136562,32.76379107885894,29.22139750727096,14.763753428966208,21.38838303114229,31.501014534782826,25.27518059134387,24.349755445096918,27.095118210642404,3.5423935715879757,-6.624629602176082,6.225833943438957,-2.7453627655454866
1136563,35.26364629855288,31.008584553601498,17.225905301458027,18.16889145318168,37.19029720687814,29.86118119912738,26.019628981322406,21.1701524924351,4.25506174495138,-0.9429861517236517,7.329116007750763,4.849476488887305
1136564,33.42183041153425,34.39022205230396,20.670986334232417,18.09045105678627,35.04524255729278,23.12311258445727,21.856110013175233,20.79350805113,-0.9683916407697097,2.5805352774461454,11.92212997283551,1.0626019620452318
1136565,28.70722737075046,35.359382558498275,16.246419099784724,17.066180652058048,25.504699263470478,37.3532061306109,23.91650571632468,23.575817733196565,-6.652155187747816,-0.8197615522733237,-11.848506867140422,0.3406879831281131
1136566,34.89619052812175,28.20934326532563,14.112108800896909,11.3273762287549,28.202385460120407,29.891721925342264,23.61701577072728,10.083400949173301,6.686847262796121,2.7847325721420084,-1.6893364652218565,13.53361482155398
1136567,33.23443191065246,34.02476158763664,20.207560605380106,19.21899294389019,31.66777085237353,29.407910149409595,26.67452583217874,17.344603462954527,-0.7903296769841788,0.9885676614899168,2.259860702963934,9.329922369224214
1136568,34.588837678435034,31.142444907492948,22.999295848697745,15.118129542148154,30.865775032092426,29.295124255720562,28.215606447728067,19.23152993503612,3.4463927709420865,7.881166306549591,1.5706507763718633,8.984076512691946
1136569,33.53353176465141,33.01458928063976,14.229414677563858,23.589083292621815,27.647223320706132,33.01528598281418,17.991868408106765,31.63824212654277,0.5189424840116459,-9.359668615057958,-5.368062662108045,-13.646373718436006
1136570,36.273842630345,31.075730886198375,17.311163452489314,19.43783682439499,37.99473104583098,26.97075857733091,24.641181693821466,21.591544515625714,5.198111744146626,-2.1266733719056745,11.023972468500073,3.049637178195752
1136571,30.77195117260142,31.328814467536656,16.108676128973357,19.7849913295183,29.82917556260596,28.361176658294596,19.28293345504397,22.139235618203635,-0.556863294935237,-3.6763152005449413,1.467998904311365,-2.856302163159665
1136572,31.1496320983729,32.83971267057367,15.865809981049466,20.390039113353595,25.765768353856565,29.69074971625985,23.398312800505852,23.107174660094103,-1.6900805722007668,-4.524229132304129,-3.9249813624032868,0.2911381404117499
1136573,35.91211170418951,33.50484193902843,14.08748126096034,18.10111461046207,33.47438335959637,36.23234203883838,24.511496265172735,23.615537092331113,2.4072697651610824,-4.013633349501729,-2.757958679242016,0.8959591728416214
1136574,31.61885979825628,32.87235785748956,20.351357971899002,20.471636626221958,31.76948759509558,30.45524368587214,29.117943256352845,21.803598450853443,-1.25349805923328,-0.1202786543229557,1.314243909223439,7.3143448054994025
1136575,32.08358667254916,31.262556829177242,18.276687589738053,16.314402433123544,31.69901476745394,29.59157056917003,22.148146833286,20.012476855103092,0.8210298433719174,1.9622851566145094,2.1074441982839076,2.135669978182907
1136576,33.70259715068212,31.26568251081156,18.806024056905535,19.85278475718868,29.691932856376983,26.9044230891628,22.74942568562037,21.963976265948318,2.436914639870558,-1.0467607002831443,2.787509767214182,0.7854494196720516
1136577,31.259407287257474,33.665688655297004,17.896013909395172,13.954695540802899,25.6107185419203,32.297044295641996,23.761878630370003,19.21789256198347,-2.4062813680395294,3.941318368592274,-6.686325753721697,4.543986068386534
1136578,33.6797063277561,34.58249888510598,19.85564108807703,16.436967311968004,35.94121473967174,30.22990180526918,29.933084057219205,18.695774974173034,-0.9027925573498763,3.4186737761090242,5.711312934402564,11.23730908304617
1136579,33.077048817734884,32.1940382730721,16.280074419194,19.182704625421202,29.299011549952734,27.849542829213853,25.823198952312687,21.077596208938118,0.8830105446627812,-2.902630206227201,1.4494687207388814,4.745602743374569
1136580,32.49511367237067,31.444712657837584,16.455124248653963,19.857659576650686,26.48964347309975,28.38604363727839,18.699446774571864,22.260567058344627,1.0504010145330867,-3.4025353279967234,-1.8964001641786403,-3.5611202837727625
1136581,32.8867182469556,33.093861273415015,19.88904473256037,15.252825492725014,32.18165061633282,32.00547614104359,27.878869731749553,20.861504551101586,-0.20714302645941274,4.636219239835357,0.1761744752892298,7.0173651806479675
1136582,35.442173168428866,31.902641754935512,18.128900256863105,16.423955904009816,31.50349598490943,27.931771551977437,22.724209556446397,19.44133107701435,3.5395314134933535,1.704944352853289,3.571724432931994,3.2828784794320462
1136583,33.88534017737232,32.71159947582129,18.940748221023494,17.776001782099065,32.880410107944435,28.364640611003963,26.859082034467857,18.005927848876965,1.1737407015510328,1.1647464389244284,4.515769496940472,8.853154185590892
1136584,32.92064948696025,32.624464634879665,18.27798825129375,18.166391093648315,25.627273991846295,27.751426186015948,23.732458327355005,14.745183673598621,0.29618485208058587,0.11159715764543421,-2.1241521941696533,8.987274653756383
1136585,32.75965422269844,30.50083787118398,17.510651275509865,18.583304148965105,30.0601748250577,25.69693166401646,20.156212682840827,19.11968976861855,2.258816351514458,-1.0726528734552403,4.36324316104124,1.036522914222278
1136586,35.541975083594025,33.81042664010363,23.85367228412988,16.275403619533016,29.058272816378675,35.61037668857981,33.47362012987013,22.451743778011743,1.7315484434903965,7.578268664596862,-6.552103872201137,11.021876351858385
1136587,34.15805119722396,30.20383663319024,18.12775286696258,19.084209989369477,25.651081370177494,23.504210343478036,23.847759684451702,22.70548489767112,3.954214564033723,-0.9564571224068956,2.1468710266994577,1.1422747867805825
1136588,33.4101327546153,32.291289689644536,21.785119727814646,18.782649465817705,34.069087648394756,28.797291551184202,51.56982895520413,19.11704149832753,1.1188430649707612,3.0024702619969403,5.271796097210554,32.4527874568766
1136589,33.89412109967896,32.34446717601106,15.429725323905036,15.124404901661526,35.69216155016989,30.17897029997979,21.959734475458582,13.757640177283035,1.549653923667904,0.3053204222435095,5.513191250190101,8.202094298175547
1136590,35.69094130466259,35.16579453715817,16.553521066497346,19.779132695223943,26.585937631941675,31.225316032955607,21.673821247546616,26.625915750915752,0.5251467675044168,-3.225611628726597,-4.639378401013932,-4.9520945033691355
1136591,33.32498339957104,33.04334206384001,18.06105554537271,15.46317384102145,28.100953157741177,30.177182575731052,22.228434842534014,15.266401738027493,0.281641335731031,2.597881704351261,-2.0762294179898753,6.962033104506521
1136592,35.099801980219354,30.179151986865055,16.048984321238486,19.977133964899448,32.518232405551366,30.83718257261662,20.62774643684112,51.2517706146191,4.920649993354299,-3.928149643660962,1.6810498329347467,-30.624024177777976
1136593,35.716691221442105,29.72950118950527,18.372735697986865,15.307337284250428,26.667727671534973,31.70630905191205,31.668617797703625,21.69632203865655,5.987190031936834,3.065398413736437,-5.038581380377078,9.972295759047075
1136594,31.123306689922046,34.13206500293599,18.35699073258558,19.56174761225702,28.100061801030247,30.190504126216823,21.83839088050003,20.90941741449198,-3.008758313013942,-1.2047568796714394,-2.090442325186576,0.9289734660080491
1136595,37.923806370617065,37.48218675092897,15.868150928343766,15.294485795144922,27.75144796712664,33.236028785550616,22.279179127392464,16.542119684558248,0.4416196196880975,0.573665133198844,-5.484580818423975,5.737059442834216
1136596,36.992309598743674,33.892661712615094,15.747944150562486,19.8797374429743,32.082055394539545,26.675425748340103,19.032404745688368,21.326319461503687,3.0996478861285794,-4.131793292411814,5.406629646199441,-2.293914715815319
1136597,35.78324053806217,32.13909327738421,17.829749290650945,17.977562084784772,36.3409573548532,26.307467766308516,22.423040637059465,21.619408421248146,3.644147260677954,-0.1478127941338272,10.033489588544686,0.8036322158113194
1136598,34.087619518086306,33.43629559898789,17.228793876381584,17.29010319250699,30.11725433399358,33.42664304518654,19.221647105940573,44.56486800543286,0.6513239190984166,-0.061309316125406355,-3.309388711192959,-25.343220899492284
1136599,34.47316579370372,33.87218824220406,16.529439872728027,18.889387662668902,30.704342066084948,31.101971900948847,17.095624147907806,21.550993859538803,0.6009775514996605,-2.3599477899408754,-0.39762983486389913,-4.455369711630997
1136600,33.80674807342121,32.11279969301165,17.837207970641266,16.461200280379234,29.929708731945002,30.569944476082476,22.156134631934478,36.47525351067765,1.6939483804095588,1.376007690262032,-0.640235744137474,-14.319118878743176
1136601,35.89078651208548,33.226130081361354,16.049524946166287,17.090506454927052,36.92165109035407,30.57815152533876,23.69133860811204,21.492589654815333,2.664656430724122,-1.0409815087607655,6.343499565015307,2.1987489532967075
1136602,36.32282927301736,34.84822297801333,14.161653251761752,18.87838880218247,31.98648596983216,29.878745223108883,20.481539489787494,21.169553479833134,1.4746062950040297,-4.716735550420719,2.1077407467232767,-0.6880139900456399
1136603,36.38213410410834,34.20738826805734,16.115505277117485,16.92937900257079,25.820725469529457,33.19817886650259,20.390697289397536,31.95791593532828,2.1747458360509953,-0.8138737254533055,-7.377453396973131,-11.567218645930744
1136604,35.53422563183266,33.064389671424905,15.893402816717725,18.464833705163006,36.76956441375363,29.793654363859282,21.550342776489565,25.30272866210366,2.4698359604077567,-2.5714308884452812,6.975910049894345,-3.752385885614096
1136605,38.505596662014085,33.54412595414269,16.027348175094744,14.924428875893923,35.36375052682085,28.025660433863607,20.239348761311376,16.802674493352107,4.961470707871392,1.1029192992008205,7.338090092957245,3.436674267959269
1136606,39.703572033083475,31.49681062998476,15.248148338045164,18.10274499664895,22.844676777380283,28.63418489163058,22.012692672254907,20.748388785367137,8.206761403098714,-2.8545966586037874,-5.789508114250296,1.2643038868877703
1136607,34.4393757760172,33.163759199031475,18.226112330295383,16.211068326285563,30.973652121462536,26.382352783266846,21.759076519442246,28.401979983789186,1.2756165769857262,2.0150440040098196,4.5912993381956895,-6.64290346434694
1136608,33.23312624679459,36.41708679402218,16.506589494414122,14.98663687341801,30.028891687036644,26.111365801953312,23.608514940150403,16.688524404151387,-3.183960547227592,1.5199526209961114,3.9175258850833323,6.919990535999016
1136609,35.65396893315361,35.05643011824268,13.224498509428761,16.482858568545065,35.17844437011839,35.42207625008423,26.110878982759303,27.851733765852224,0.5975388149109264,-3.2583600591163044,-0.24363187996583946,-1.7408547830929209
1136610,34.652271332399444,31.85242430296748,16.848191718584985,16.186971797313557,30.809792029133035,29.754998784266704,21.073590205312897,23.505225799715458,2.7998470294319624,0.661219921271428,1.0547932448663317,-2.431635594402561
1136611,32.762968295836096,32.08472704187519,16.062628452441047,17.612301337215722,27.896481555203973,27.40906177599077,16.79466866085604,18.88593475753336,0.6782412539609055,-1.549672884774676,0.48741977921320156,-2.0912660966773196
1136612,35.84043272625086,41.89057850326633,15.021804981004513,15.37484775488387,28.779590182263863,40.84607467525888,19.128173904448545,18.990392023883306,-6.050145777015473,-0.35304277387935734,-12.06648449299502,0.13778188056523888
1136613,25.302883456465967,33.88903590067533,16.660921342171694,15.810439138576305,30.135039496895622,32.09495109232583,25.209361908745308,17.241666323657125,-8.586152444209365,0.850482203595389,-1.9599115954302064,7.967695585088183
1136614,35.58657307476354,33.70796027357036,16.960410134365333,18.18322036101545,35.24738079465588,27.272680347954065,29.514718945132124,20.849272725604724,1.878612801193185,-1.2228102266501182,7.974700446701817,8.6654462195274
1136615,36.54852241444525,32.91470540189411,16.17923679131818,15.783171539739868,36.06517249091978,30.63524106035884,22.07286213678467,22.41154059399916,3.633817012551141,0.3960652515783103,5.429931430560938,-0.3386784572144883
1136616,32.438477173359736,33.254024911140036,15.457330702861764,16.682708984411835,28.38471208766733,29.97709897590161,18.15213483264383,23.397643765879753,-0.8155477377802995,-1.2253782815500713,-1.5923868882342802,-5.2455089332359215
1136617,34.27046417092445,33.85867412538174,17.646792977341544,16.98566732569398,30.105341212772686,26.875700531954973,23.405118360115324,21.612154639891887,0.41179004554270904,0.6611256516475628,3.229640680817713,1.7929637202234368
1136618,45.63333180377074,29.050198928101214,18.77449377961506,17.483531951385896,51.84167421258626,31.438556208549386,33.55107595152243,25.29892282111275,16.583132875669524,1.2909618282291646,20.403118004036877,8.252153130409678
1136619,36.21764628276774,32.524607009985395,18.89650091078732,16.63475237009781,35.409215096699576,28.4361966710686,32.35937966439049,21.091085350182052,3.693039272782343,2.26174854068951,6.9730184256309755,11.268294314208436
1136620,33.624240973774704,31.29210480932406,18.63039405786595,16.986483763399868,26.84858851625911,28.036926700893044,22.144334144653875,22.558030169788704,2.3321361644506453,1.6439102944660817,-1.1883381846339347,-0.41369602513482917
1175356,32.159649008648785,36.1209651387905,15.073086275550537,18.02606482783862,24.252856581534594,35.17404891304348,19.876496512832766,19.947961663551403,-3.961316130141718,-2.9529785522880836,-10.921192331508884,-0.07146515071863746
1175357,33.787160582906964,34.918896027979216,17.991047813309287,15.562362118344641,32.48629499822729,32.025659716704745,29.37500952736577,20.205595259190446,-1.1317354450722519,2.4286856949646456,0.4606352815225421,9.169414268175323
1175358,35.99224519993677,34.64127261327635,14.913920803999492,17.114143139065025,32.35948339423737,32.260267448296005,20.483099333099332,21.7942630793508,1.3509725866604185,-2.2002223350655328,0.09921594594136707,-1.3111637462514665
1175359,31.178409132271245,34.37400775849071,16.436947345452186,15.905036720489605,32.542597054473504,33.43615809716193,13.48708988380041,24.09384042987422,-3.1955986262194678,0.5319106249625811,-0.8935610426884253,-10.60675054607381
1175360,31.03992392560308,34.98017546739667,17.183973641542998,16.042453586309783,23.949605180328817,29.950579999129317,22.047068561205766,17.66185587506483,-3.9402515417935895,1.1415200552332152,-6.0009748188005005,4.385212686140935
1175361,34.9769652521753,30.61025806760597,17.40073980597682,19.355777491929008,35.47098681362597,30.424634585943476,27.572822776762955,23.992202729044834,4.366707184569329,-1.9550376859521883,5.046352227682494,3.5806200477181207
1175362,32.006367160237254,28.61320394841954,16.994714422125654,14.78615413112278,26.61178438996358,26.343246842518365,27.186698441247355,15.953819287092061,3.393163211817715,2.2085602910028737,0.2685375474452165,11.232879154155293
1175363,35.10652815898843,37.6483807746827,15.870333896659867,15.126081070994086,27.415984703085496,31.850699454171224,23.32078889052096,19.8410533294711,-2.5418526156942676,0.7442528256657805,-4.434714751085728,3.479735561049857
1175364,32.618277047416306,33.36698071056025,16.519138350531378,15.835893363707973,26.30717187686545,26.925763355953276,27.297583796667034,20.763361421766593,-0.7487036631439423,0.6832449868234054,-0.6185914790878257,6.534222374900441
1175366,33.24391521426535,40.730043688940555,17.68922340247958,15.003969920425593,29.108680323010777,31.995990893771854,18.898109788708716,19.719681762366033,-7.486128474675205,2.6852534820539873,-2.887310570761077,-0.821571973657317
1175367,30.854488275939005,35.57881550852698,17.885717061717735,15.41912068533488,24.164172614077074,33.09463173036538,23.590345395397645,22.794192869693763,-4.724327232587974,2.4665963763828547,-8.930459116288304,0.7961525257038815
1175368,37.73072862107131,32.837850855695386,16.881283576236484,19.723137081847092,35.33989678416029,32.755757403251486,24.671814618426602,21.264912280701754,4.892877765375921,-2.841853505610608,2.584139380908802,3.4069023377248477
1175369,34.59150732183251,27.648892339099692,16.436495211038867,15.265657469270957,30.86737729172284,23.85095938696304,19.887892810976346,15.92381897896852,6.942614982732817,1.17083774176791,7.016417904759798,3.964073832007827
1175370,31.880154499652576,32.60057146427824,17.950987091954296,16.46482803830916,28.562711720173503,26.281725885561357,25.382055454455458,24.973193840799475,-0.7204169646256631,1.4861590536451352,2.280985834612146,0.40886161365598284
1175371,33.360368209323894,37.73636211143934,16.636473513732998,17.21679155423816,31.40920256523576,33.62178408768002,27.744880119880122,21.872472159595546,-4.375993902115447,-0.580318040505162,-2.2125815224442604,5.872407960284576
1175372,36.9647132584766,31.784256399035307,16.5454484573307,15.345101152590624,35.75106441930222,23.853871811943574,25.953025823597176,15.610143146327356,5.180456859441293,1.2003473047400757,11.897192607358644,10.34288267726982
1178393,31.711189913992985,34.1123494532496,17.221530538531344,22.450346557721478,26.54009917571367,32.971503238974364,16.96639066249157,53.84563492063492,-2.4011595392566143,-5.228816019190134,-6.431404063260693,-36.87924425814335
1178394,33.089280525220495,37.224480343640785,18.921105668787895,17.737152404674596,27.089706953622166,36.09184482241509,23.477929348611916,22.4578329712026,-4.13519981842029,1.183953264113299,-9.002137868792925,1.0200963774093168
1178395,32.31198343010377,31.502004939578242,15.654013909451313,15.250540861459715,31.047336956325925,25.883848551034532,24.671333295498595,15.844683811455962,0.8099784905255305,0.4034730479915982,5.1634884052913925,8.826649484042633
1178396,36.01714415583255,35.462873178948705,16.56528089610722,17.264046627958233,32.2424729931629,30.804683445479075,25.836246027941986,21.760153680406734,0.5542709768838421,-0.6987657318510117,1.437789547683824,4.076092347535251
1178397,30.342656663118845,34.4516608137234,20.955686251746574,18.169261604839082,30.916603088301727,31.696809743183653,36.02346611721612,22.237919981421303,-4.109004150604555,2.7864246469074914,-0.7802066548819262,13.785546135794814
1178398,30.29100846273036,38.65900167163713,18.962075107726026,18.165519579672512,26.66509590205722,38.055296657924394,36.86474862587769,28.310816234596604,-8.367993208906768,0.7965555280535135,-11.390200755867173,8.553932391281084
1178399,33.91357712449741,31.53369890405682,32.52188544386648,18.92756171450076,32.18812705102965,30.673102945996284,40.36374197363974,30.501582462253193,2.379878220440588,13.594323729365719,1.515024105033369,9.862159511386547
1178400,33.355723479998254,35.355802262041415,14.160688436207824,16.858687388292573,29.833447559493315,33.06646250966643,15.41383537692076,23.24299578426088,-2.000078782043161,-2.697998952084749,-3.2330149501731142,-7.829160407340121
1178401,31.956621056042415,34.316468534138934,14.215536469014413,14.71708959860753,28.516277339990133,34.24719128690749,23.55327287654874,21.095816738086477,-2.359847478096519,-0.5015531295931162,-5.7309139469173545,2.4574561384622626
1178402,32.019554274316526,34.66789075645496,22.33399190024199,16.521573886992122,26.328354838601754,34.23244263674026,27.81552863802864,22.560411806389084,-2.6483364821384328,5.812418013249868,-7.904087798138505,5.255116831639555
1178403,32.643043033551685,32.807765567337526,19.784922119701644,14.830347193813756,31.077877006595806,23.853492110994196,32.946114369501466,21.46858873377091,-0.16472253378584156,4.954574925887888,7.2243848956016095,11.477525635730554
1178404,31.554882322702685,36.316903669813605,15.928345830943325,14.415519291099468,26.460606608188517,35.93144403326394,15.899452493698334,22.30875582631547,-4.76202134711092,1.5128265398438572,-9.470837425075427,-6.409303332617135
1178405,32.737186850544475,40.67141951901056,18.654353930512535,15.428911023382351,32.28806403710894,36.94531234852094,24.56782303706663,19.309405510261673,-7.9342326684660875,3.2254429071301836,-4.657248311412005,5.258417526804958
1178406,32.33430763344196,31.213416118916353,15.623828871738237,16.834000362955315,26.99063957560317,25.498656255167813,25.299591033778363,20.93551703877791,1.1208915145256064,-1.2101714912170785,1.4919833204353559,4.364073995000453
1178407,32.01914763157,32.58277177703234,16.767458360043186,15.903013314195073,28.797549023789763,33.02470429501733,15.219958356404577,22.83603580543376,-0.5636241454623416,0.8644450458481128,-4.227155271227566,-7.6160774490291825
1178408,29.47578609836756,38.224892693389926,18.43151589868431,16.368959359490184,27.536639786931868,30.22870651888657,16.598028413577854,20.436409020377532,-8.749106595022365,2.0625565391941265,-2.6920667319547,-3.838380606799678
1178409,32.50289061705972,32.938190616865704,21.284495581349823,14.69424281436834,32.55936320677128,29.616854490793315,27.065926826796392,24.59597615701081,-0.43529999980598433,6.590252766981482,2.942508715977965,2.4699506697855824
1178410,35.899060977439085,27.651423313420015,13.673706844859348,14.239635587431362,35.80105075249957,22.495671126787837,21.58627823391551,22.116957670662565,8.24763766401907,-0.5659287425720141,13.305379625711733,-0.5306794367470538
1178411,34.919017996585275,29.66020197918405,16.437473084832266,14.77389461911434,29.408800421409744,25.279898845916705,25.74960281674415,22.385257770025387,5.258816017401227,1.6635784657179258,4.128901575493039,3.364345046718764
1178412,33.364522935243805,35.76926665634971,20.982051252251296,17.384120243240847,31.222396319560048,32.231801112244874,25.33516463559272,24.33923796791444,-2.404743721105902,3.5979310090104484,-1.0094047926848262,0.9959266676782796
1178413,36.75583452322338,43.49737813034667,15.142647356416228,16.344816022504496,37.68289424009159,31.68551005367638,17.5191784015111,20.17497630663818,-6.74154360712329,-1.2021686660882676,5.997384186415211,-2.6557979051270806
1178414,31.329840633251163,32.97803008135731,18.2922732533805,15.026321255930995,26.457416698821078,25.389583184415834,21.728321995924762,18.56305723293041,-1.648189448106148,3.2659519974495055,1.067833514405244,3.165264762994351
1178415,29.525776190678723,25.916900732785525,19.15555103064634,15.156342853548086,28.07867570752483,27.585796570803893,26.185940282316288,22.748725241406035,3.6088754578931983,3.9992081770982537,0.4928791367209371,3.437215040910253
1178416,29.071663209527298,35.993252342282254,19.4177691634749,18.37367637763894,26.26392154059316,29.996569879756432,19.207364442924757,22.76800346709239,-6.921589132754956,1.0440927858359608,-3.7326483391632728,-3.560639024167635
1178417,33.39487027925988,32.72579178781954,16.47836432516603,13.440936319978913,28.577882097081023,24.08859381167173,14.820707070707071,16.32229726699852,0.669078491440338,3.0374280051871168,4.489288285409295,-1.5015901962914473
1178418,35.43492463873718,32.128914260771126,13.73500887615991,17.1933450197515,37.053232670511065,27.07659332267111,21.92749273458102,22.5765295438055,3.3060103779660537,-3.458336143591591,9.976639347839956,-0.64903680922448
1178419,34.90414969915637,34.90238026321084,18.029135376523186,17.46159022707557,35.99156853109584,28.9208057148686,19.29885536032595,26.8942919914672,0.0017694359455333597,0.5675451494476178,7.070762816227237,-7.595436631141251
1178420,22.894186664834738,31.549200440486718,15.229854982451533,16.945620804175473,21.134965805294417,28.811455482271725,14.793787352997878,22.959841503154912,-8.65501377565198,-1.7157658217239398,-7.676489676977308,-8.166054150157034
1178421,32.548551999047405,33.448050619525254,20.240961493179263,13.129456512574453,30.15218033200498,26.569372637364253,25.022616729245065,17.34030212272501,-0.8994986204778499,7.11150498060481,3.582807694640728,7.682314606520055
1178422,34.29021488272121,35.67315120894265,15.151376302343852,17.536288228450637,29.535719388226937,29.982644132755166,17.07703167416382,26.62738531054073,-1.38293632622144,-2.384911926106785,-0.4469247445282285,-9.550353636376911
1178423,35.42380402138148,31.006027074442326,19.299594301495155,19.341788325594706,32.91528400670882,31.7442311256616,18.49975167595305,23.55769179857592,4.417776946939153,-0.042194024099551086,1.171052881047224,-5.05794012262287
1178425,30.772626978427507,34.07501565600189,17.96511534675812,16.676088663001092,26.20170799568071,33.283937741266364,19.048307125786142,22.663148133537753,-3.302388677574381,1.2890266837570294,-7.0822297455856535,-3.614841007751611
1178427,35.937151539731424,33.34823880713787,14.852893320959993,18.854049739435187,32.35778139574399,30.932130604976393,16.346244826996944,36.607256796549116,2.588912732593556,-4.001156418475194,1.4256507907675982,-20.26101196955217
1178428,33.1914485377576,32.665746427523125,15.546478918908065,16.782182855942114,30.49061437962226,34.524697295527936,16.09182834117421,21.780714055975317,0.5257021102344765,-1.2357039370340495,-4.034082915905675,-5.688885714801106
1178429,32.995174363672966,28.19632042973551,13.62081495347212,19.03251747652733,27.11415562620744,28.665957028187748,17.93277303598385,25.267268716050296,4.798853933937455,-5.411702523055212,-1.5518014019803061,-7.334495680066446
1178430,31.35834806690367,34.802465887458794,19.453754205489833,15.336831292007606,26.049359464944416,34.372385437111326,19.080719542142774,26.11941704129204,-3.4441178205551246,4.116922913482227,-8.32302597216691,-7.038697499149265
1178431,36.273215550437776,34.125531316277595,14.339614959703002,18.106407834853208,32.513588361402974,27.503831720416727,22.14365657054565,28.13097272991498,2.147684234160181,-3.7667928751502053,5.009756640986247,-5.987316159369328
1181764,33.62709962361438,34.056311724826166,18.756622459393984,17.616690074602765,27.880585294138424,27.117448209858118,18.996238857847487,25.67685923979314,-0.4292121012117889,1.1399323847912193,0.7631370842803058,-6.680620381945651
1181766,33.35087915954591,29.333582219487905,15.363670209739093,19.063699866261583,32.13381499728245,28.699493525089864,16.26563188198619,26.586926395082198,4.0172969400580065,-3.7000296565224904,3.434321472192586,-10.321294513096007
1181767,30.7820800920251,32.10548618609527,17.803906055070705,16.580133226860987,25.946580702941123,31.024285214474368,21.34540219239146,19.40079996061546,-1.3234060940701688,1.223772828209718,-5.077704511533245,1.9446022317760026
1181768,32.33464277364981,35.526952705628545,17.961465370436066,18.806629571631998,28.114258009590408,27.099739514684316,21.152792044490315,27.592706375196272,-3.192309931978734,-0.8451642011959315,1.014518494906092,-6.439914330705957
1216492,33.38081435499528,36.34972528617467,18.218272805451274,17.458138823825795,29.092886681136793,29.77009570466427,24.743515934111908,24.001317133487447,-2.968910931179387,0.7601339816254793,-0.6772090235274781,0.7421988006244611
1216494,30.70177631059678,33.5221101685193,11.250002095642916,16.57804220210594,27.65846073941028,24.948432479294276,13.177503881987578,25.339422805658064,-2.820333857922517,-5.328040106463025,2.7100282601160046,-12.161918923670486
1216495,36.35323306502604,38.01747345124998,15.846394897190788,17.27077196425031,28.305439762970263,30.9247434930763,17.136507092926454,20.730969459159994,-1.6642403862239377,-1.424377067059524,-2.6193037301060365,-3.5944623662335395
1216496,32.99447181358905,31.681905804453226,18.36783219896954,16.4617119652045,31.962746769480596,30.99159750969825,27.652875044497385,28.814968018060505,1.3125660091358249,1.9061202337650407,0.9711492597823472,-1.1620929735631194
1216497,36.653299449258085,29.086871081041718,19.470085440124677,12.070334228994055,29.891688786038,29.088302309196365,27.667373082344014,18.975373088891292,7.566428368216368,7.3997512111306225,0.8033864768416343,8.691999993452722
1216498,35.83907679270808,33.13791565245294,15.509248968726393,17.551583572731225,30.250256573892823,32.31616558062353,22.5719944894287,21.38967637016668,2.701161140255138,-2.0423346040048322,-2.0659090067307098,1.1823181192620211
1216499,35.330534907580734,32.117423955257976,19.586045788303416,16.92296992638913,27.539558844718705,28.928824629399678,24.184133738601822,24.40802882576461,3.213110952322758,2.6630758619142867,-1.3892657846809726,-0.22389508716278783
1216500,34.06181545755652,35.16666547381346,21.0174612537266,16.33475797999523,29.079514157201967,32.754663883072695,28.51252494868082,24.113768094650446,-1.1048500162569397,4.68270327373137,-3.675149725870728,4.398756854030374
1216501,32.54022061022321,34.95908783186285,15.604728112495039,15.56599970736232,28.34065426003058,36.747600602230136,26.557760265217976,18.802399320174597,-2.418867221639644,0.038728405132719246,-8.406946342199557,7.755360945043378
1216502,31.75741318591012,31.408319501732763,16.5594077779318,16.080254971801402,29.128755952150048,28.48730883824958,24.072989741829403,18.897618636399667,0.3490936841773582,0.4791528061303971,0.6414471139004689,5.175371105429736
1216503,33.93658466862953,36.72270852599118,18.591639572400975,15.911342818590109,26.84408795591788,33.95797208002048,26.161991629824076,19.11927998472116,-2.786123857361652,2.6802967538108664,-7.113884124102601,7.042711645102916
1216504,34.63535614694221,34.709110069096695,13.022356452905555,16.164512196390554,36.34862553131972,31.61932814883211,18.613591054185015,27.04761940184106,-0.07375392215448784,-3.1421557434849987,4.729297382487609,-8.434028347656046
1216505,31.229391803096828,32.188944865341504,15.160169646673415,16.922098743199225,28.549883782181304,31.36495402391447,22.909388782941253,20.35799521148747,-0.9595530622446766,-1.7619290965258099,-2.8150702417331672,2.551393571453783
1216506,31.76708970214168,35.78337360393164,19.503708241563498,15.33362959349328,24.852861399552015,30.627577410346696,30.429109108167452,19.461904747278375,-4.016283901789965,4.170078648070218,-5.77471601079468,10.967204360889077
1216507,31.3174157056181,35.199596585697634,16.39307573927058,16.41431584345213,29.89236081057499,31.216941440523627,22.053893187233232,19.650750241719507,-3.8821808800795345,-0.02124010418155109,-1.3245806299486382,2.403142945513725
1216508,33.802822852334465,35.19714149375474,13.869211326197817,17.67923748740192,32.37099188565268,26.705690526346245,19.273536614728933,23.588641930149194,-1.394318641420277,-3.810026161204103,5.665301359306433,-4.315105315420261
1216509,32.820392835270006,32.840184900274764,15.671036215511725,23.11089508421025,26.710034956398957,29.617002776028016,25.37529760180119,31.099308868265712,-0.01979206500475783,-7.439858868698524,-2.9069678196290596,-5.724011266464522
1216510,33.87334427360172,34.395435240438744,14.779596922071027,15.9648945224818,30.5456714236499,30.51318681512591,17.31233766233766,29.709895809283836,-0.5220909668370268,-1.185297600410772,0.03248460852399049,-12.397558146946174
1216511,32.83304510366954,35.41370732757639,19.295943901502945,16.43032282768329,27.01754291008957,30.956729129941493,26.618250589553565,23.992484780103418,-2.580662223906849,2.8656210738196535,-3.9391862198519227,2.6257658094501473
1216513,36.778742349905684,34.41031289699841,15.60109031651479,15.239813233214871,27.477730980213792,30.369144608221493,26.872705148113024,19.096532634032634,2.3684294529072716,0.36127708329991925,-2.891413628007701,7.77617251408039
1216514,34.17576667555086,34.653928481843494,16.11775890241961,19.016748853885602,30.958850284679087,27.140910413321052,26.910707165641377,26.45616883116883,-0.4781618062926327,-2.8989899514659925,3.8179398713580355,0.4545383344725451
1216515,32.941417871835505,33.64637954240887,20.29286276898477,16.571706901609858,27.7034201181918,35.64312886638987,23.557773509312646,20.562072818087636,-0.7049616705733683,3.721155867374911,-7.939708748198072,2.995700691225011
1216516,31.86456102480248,35.46788069343846,16.28942503706057,18.307826305779308,27.94351085720718,32.939788375818644,27.927523497095848,24.08480039319862,-3.6033196686359794,-2.018401268718737,-4.996277518611464,3.842723103897228
1216518,31.653674718697715,34.185372406260086,15.198350122750536,14.36000636217874,31.02985670702473,26.048251630064456,18.770870201705254,16.92532831563201,-2.531697687562371,0.8383437605717958,4.981605076960275,1.8455418860732422
1216519,33.17591465091689,36.32296169855928,20.88535667901068,18.22174881582064,27.83276576866799,31.679941005434905,25.830458648618865,25.016316271111666,-3.1470470476423955,2.663607863190041,-3.8471752367669154,0.8141423775071992
1216520,30.55980056154208,39.46816155023414,13.267033056662338,16.603837772224775,29.955823718719202,30.06260773321295,18.698764208031832,28.264533670781258,-8.908360988692063,-3.3368047155624367,-0.10678401449374775,-9.565769462749426
1216521,32.84147819660499,33.87234929709001,15.24652656175453,19.74395670329013,30.262326084236577,28.15747029566179,16.890933125928953,24.724534013704453,-1.0308711004850224,-4.497430141535601,2.1048557885747883,-7.8336008877755
1216522,33.16499587845551,32.893752776437466,15.506364463263377,18.09615926743885,30.613011859759343,27.058230045454167,21.481412200132148,23.520801072159305,0.27124310201804036,-2.5897948041754724,3.5547818143051764,-2.039388872027157
1216523,34.15981253691715,34.32798666239852,14.366841678374595,16.118435033418944,32.41092961645144,28.40323688006562,20.950338842655515,26.50568094506339,-0.16817412548137156,-1.7515933550443492,4.00769273638582,-5.555342102407874
1216524,35.38140468797021,34.8454042718152,18.453796522521113,17.377931508657213,27.14098295291032,26.52442265597813,25.975146330075127,19.24302815325488,0.5360004161550123,1.0758650138639005,0.6165602969321888,6.732118176820247
1216525,35.422871314908924,30.272756219677877,16.16891764480668,18.646272742428266,32.62102623160566,27.958406598438216,26.709113115855814,24.16216739659536,5.1501150952310475,-2.4773550976215866,4.662619633167445,2.546945719260453
1216526,31.52841011140951,34.89161609388439,14.979061989727299,20.177780435002468,31.82914619417504,23.322631124718672,20.007409985037846,25.37600868475287,-3.3632059824748772,-5.198718445275169,8.506515069456366,-5.368598699715022
1216527,34.93617964181108,34.53079143405457,23.39149668482169,16.773083965432626,29.360052566288445,31.874921864021307,28.22129319955407,26.87513459467774,0.4053882077565092,6.618412719389063,-2.5148692977328615,1.3461586048763294
1216528,33.43235465063725,34.070048920990494,16.92082467632611,17.05351694939609,29.691439115808382,31.790910365730294,25.637868200419064,18.53432841082394,-0.6376942703532436,-0.13269227306998133,-2.099471249921912,7.103539789595125
1216529,34.28624772721735,35.179185828434825,20.99975636919809,20.90277925634444,31.84196892182381,27.01440993426355,27.759403407513588,27.64591580488666,-0.8929381012174744,0.09697711285364718,4.827558987560259,0.11348760262692892
1216530,29.42557889593515,33.662264813953094,13.607557801460393,14.161254370641794,33.73467495283022,31.121183396323243,14.325985844184661,17.999813542889566,-4.236685918017944,-0.5536965691814011,2.6134915565069754,-3.6738276987049048
1216531,43.335885588448264,30.348535865111884,16.051667067089788,18.966412970624454,30.892132750528564,29.004141290878422,26.588083474496518,26.87306003322643,12.98734972333638,-2.9147459035346657,1.8879914596501415,-0.28497655872991245
1216532,35.102105268393835,35.96746619112271,22.741504425437206,15.67401353935524,30.908169619199768,34.23202581576769,27.74679338127025,20.998424680539472,-0.8653609227288754,7.067490886081966,-3.323856196567924,6.748368700730779
1216533,33.575070978793086,30.198287559274274,15.073883016461247,15.25947263917808,26.071547406936276,27.816948822597737,20.70040183141921,19.211122149908917,3.3767834195188122,-0.185589622716833,-1.745401415661462,1.4892796815102933
1216534,33.92061803667973,37.792102843138224,14.341896605128346,17.256305019656395,30.251186835422732,35.487192099522716,22.53567673894958,19.991109651909184,-3.871484806458497,-2.914408414528049,-5.236005264099983,2.544567087040395
1216535,35.143858932200054,37.43068604695906,20.10404147745287,19.11756141323737,30.85885554392468,28.893796266743276,27.360561286938278,24.47346686891506,-2.2868271147590065,0.9864800642154989,1.9650592771814033,2.887094418023217
1216536,29.976594129358222,28.770425259548603,17.93078392522627,12.294525003785688,22.975647090187792,29.106875881415597,27.51748313631203,15.459077677900062,1.2061688698096198,5.6362589214405805,-6.131228791227805,12.058405458411968
1216537,33.9411562077467,31.897454487801685,16.836311651344523,15.319991474831337,30.11608450826445,27.54189472890119,27.932249147467246,17.764131038680866,2.043701719945016,1.5163201765131866,2.574189779363259,10.16811810878638
1216538,33.49551094576217,36.302743215019824,19.355735845652823,15.58021526157799,27.044484083519446,35.05812985946886,28.51257938243902,17.29095739094102,-2.8072322692576535,3.775520584074833,-8.013645775949417,11.221621991498
1216539,32.97548473674365,34.12882143997257,16.91907146854721,18.411389083953896,29.993467836149218,27.945742956460347,23.18763550752222,22.83351171210087,-1.1533367032289163,-1.4923176154066873,2.0477248796888716,0.3541237954213514
1216540,34.01091749913284,33.430167180435234,14.192198605602863,17.84774154514153,34.71320571725145,26.890022008733286,19.173420986330008,27.605506874597854,0.5807503186976035,-3.655542939538668,7.823183708518162,-8.432085888267846
1216541,34.657682951342174,27.721355191530165,20.525735156734754,14.024359704941816,27.450710085899424,24.263654636513664,25.816183529374605,16.802611261442017,6.936327759812009,6.5013754517929385,3.1870554493857597,9.013572267932588
1216542,37.8569480794143,35.78003302346159,15.198096940196256,15.794866276039617,35.49238500839388,34.92445559530201,20.322246712735307,18.290086967972798,2.0769150559527105,-0.5967693358433603,0.5679294130918748,2.0321597447625095
1216543,34.17118426364465,33.4729213561014,20.800611867868266,15.628006315254453,30.77382830077128,31.970344977556373,27.310818722460176,22.166150497292996,0.6982629075432456,5.172605552613813,-1.196516676785091,5.14466822516718
1216544,24.95848012220397,34.18014782859007,17.096391448629703,16.971163244082728,17.638918294825665,29.321401304476193,23.135617576550068,24.866365926219054,-9.221667706386103,0.1252282045469748,-11.682483009650529,-1.7307483496689855
1216545,30.383959173541587,35.6784040353951,15.643420287159568,18.37428897136133,25.38229628326599,33.583077212580704,20.096616997209242,23.745663463546897,-5.29444486185351,-2.730868684201763,-8.200780929314714,-3.649046466337655
1216546,35.77420806526134,38.47530674047417,19.99437755012369,14.1389755673079,27.89929961337151,30.96318704106496,27.62561279601163,24.296542413066383,-2.701098675212826,5.85540198281579,-3.063887427693448,3.329070382945247
1237177,32.427718806464476,37.30377312419121,16.304825797040245,18.237068928261774,31.35370917722181,27.60393039368972,23.516622752801705,24.21119836065973,-4.876054317726734,-1.9322431312215294,3.74977878353209,-0.6945756078580239
1237178,32.27623156064738,30.262773719538,16.505713339783007,18.468194721723716,27.26729343030705,28.432832421639446,22.18334938196324,21.50720356681066,2.013457841109382,-1.9624813819407088,-1.1655389913323972,0.6761458151525801
1237180,31.45054130598363,30.923047827134898,15.887073326391919,18.65842940266158,24.740644513402486,29.466051076311725,22.87458616648888,22.066158361168483,0.5274934788487329,-2.77135607626966,-4.725406562909239,0.8084278053203953
1237181,31.04992916693401,37.59427751259147,16.415778915935014,17.856789199750224,27.075497514285374,27.726227809101168,23.63292993022415,23.871531469559855,-6.544348345657458,-1.44101028381521,-0.6507302948157943,-0.23860153933570416
1254058,37.07377968764234,32.974966137651435,17.737838809457195,17.827075467070184,31.250597505157316,30.079098059763727,22.681248697962815,18.39302047341038,4.098813549990908,-0.08923665761298949,1.1714994453935894,4.288228224552434
1254059,32.83811839852567,28.077400895552817,15.515501290162097,16.397002099738327,26.45434557209367,26.369599217019395,24.789135211476268,20.7158469163885,4.760717502972856,-0.8815008095762291,0.08474635507427308,4.073288295087767
1254060,30.27910899717513,34.943792327023885,16.91018197255607,17.605929136836984,30.58981609703337,32.46924506505388,17.11870543479808,21.143266566789194,-4.664683329848756,-0.6957471642809132,-1.8794289680205125,-4.024561131991113
1254061,38.517388092365124,30.927207218861298,16.902351948866386,15.463250531994507,33.94612611000851,31.162591536782017,25.356336941898277,24.404759040223208,7.590180873503826,1.4391014168718783,2.78353457322649,0.9515779016750692
1254062,30.95978663561134,35.37024154623724,16.761262434589344,20.917088294106385,31.238817441220498,27.70154623965656,16.82358354980874,25.83189548156293,-4.410454910625898,-4.155825859517041,3.537271201563936,-9.008311931754193
1254063,29.854460682878212,35.57917143195504,17.45634751154979,17.749585327135954,26.53735431361345,32.526216419196004,17.875670053001944,23.92448961156708,-5.724710749076827,-0.29323781558616346,-5.988862105582555,-6.048819558565135
1254064,29.371316226514733,30.49994321192462,16.52234541790125,20.255746585075045,31.46411734007646,31.31991179422245,30.557009142738693,45.131622116314404,-1.1286269854098876,-3.7334011671737954,0.14420554585401035,-14.57461297357571
1254065,31.113468987513244,34.8982401083769,14.098186096386726,15.701076411148241,26.071437437593765,30.747949817551067,24.714828182346416,23.669907559855492,-3.7847711208636596,-1.602890314761515,-4.676512379957302,1.044920622490924
1254066,33.84233223673032,35.276572763465055,17.794283590390997,15.90799184451335,27.582588665129816,33.82421297815662,26.419658766355752,19.794916788199398,-1.4342405267347331,1.8862917458776458,-6.241624313026808,6.624741978156354
1254067,30.88135370887976,29.61959066683225,18.17680979964526,16.3378324277513,31.02821876464911,25.848996649236085,17.81707808873064,17.3374000202672,1.2617630420475123,1.8389773718939573,5.179222115413026,0.4796780684634392
1254068,28.0093526864532,34.741457762416864,19.514918156260414,14.323046480250573,27.607169699884185,31.78871241777964,29.958479755538576,22.27808751104035,-6.732105075963663,5.191871676009841,-4.181542717895454,7.6803922444982256
1254069,31.44197711409088,30.557241667846213,14.980953794391855,16.694470113729395,25.79951932349994,31.069916005225686,24.817717683214937,33.88507738345813,0.8847354462446653,-1.7135163193375398,-5.270396681725746,-9.067359700243195
1254070,31.540074822402346,33.84955599707288,15.51149627101793,17.08701075455051,28.23209869552774,27.536562180180923,20.403957950528433,21.895184781047313,-2.3094811746705375,-1.5755144835325794,0.6955365153468165,-1.4912268305188796
1254071,36.48479509751879,38.46804918647607,14.649752241802194,16.602646915357475,33.83807276113072,29.663203420020427,22.89228631814745,23.009011755006473,-1.9832540889572812,-1.9528946735552815,4.174869341110291,-0.11672543685902426
1254072,29.98169923767849,31.800125191111444,17.402490973974228,17.37570545610934,21.82924183100429,33.83986749851552,27.996592935013,21.26848707348265,-1.8184259534329534,0.026785517864887254,-12.010625667511228,6.728105861530349
1254073,31.54925468147788,31.21503933578684,17.053382792533327,19.86293296070379,32.59496210628647,28.354396322074123,30.572604583156398,26.339412536515546,0.33421534569103883,-2.809550168170464,4.240565784212343,4.233192046640852
1254074,32.83458411228823,36.722683099219495,17.86504222020928,13.939789203201261,27.530279442787897,30.768540899577108,21.73142943248599,22.41156195417147,-3.8880989869312614,3.9252530170080178,-3.2382614567892105,-0.6801325216854828
1254075,32.227993144461614,28.741004846534327,16.799345938312428,14.959849956160259,35.31765538004048,28.10278235217415,18.210128961563655,30.164569151350122,3.4869882979272866,1.8394959821521688,7.214873027866329,-11.954440189786467
1254076,32.87934250215236,32.748058847665455,16.775445528612018,18.408236315828052,25.370307967922912,28.001411557609444,26.04549057319843,23.1183827869991,0.13128365448690715,-1.6327907872160345,-2.631103589686532,2.927107786199329
1254078,32.420825070822985,34.926312388208906,17.25377658963876,14.065122450848431,34.73630786021411,31.61979727208743,20.703969622277132,23.845774238450115,-2.5054873173859207,3.18865413879033,3.1165105881266832,-3.1418046161729833
1254079,32.54136157205937,30.365876064415684,17.23330566886813,17.333322450705374,27.448897254852568,26.760077618412836,21.401935550707396,18.066550586978504,2.175485507643689,-0.10001678183724394,0.6888196364397317,3.3353849637288917
1254080,35.16493427272546,32.84692475203339,18.8365547430319,18.392433067045285,25.460088122023556,28.268042706480845,27.575755881584726,21.56224939332982,2.3180095206920726,0.4441216759866151,-2.8079545844572884,6.0135064882549045
1254081,30.283704510741575,28.449428979124253,19.029604733609794,15.95008349696082,27.19236835131536,26.841254582221666,24.558618773503596,28.698776709087344,1.8342755316173225,3.079521236648974,0.3511137690936934,-4.140157935583748
1254082,33.343299410279364,32.44135183391018,15.541729996983682,17.17992685563193,26.90330499554979,35.130502624406965,21.507552311010084,18.549534392841075,0.9019475763691815,-1.6381968586482483,-8.227197628857176,2.958017918169009
1254083,33.159718892368126,33.213639062651445,12.199186389619822,18.968795443525757,33.092856108878564,27.711247332738928,17.170109696132,28.902579281954132,-0.053920170283319635,-6.769609053905935,5.381608776139636,-11.732469585822134
1254084,35.098024028455455,30.573106899556734,17.42926660653597,16.251394324291425,25.90005378607279,27.20835866954467,28.055874300737315,21.393187351582853,4.524917128898721,1.177872282244543,-1.3083048834718802,6.6626869491544625
1254085,29.699543702781778,33.16721268417569,14.970470370323117,17.91108778315466,27.776706368291883,30.133748690115773,24.84373225271203,22.367414473345,-3.46766898139391,-2.9406174128315428,-2.35704232182389,2.4763177793670295
1254086,34.55207240990187,32.25936350492881,17.016862918309197,14.537706717891234,27.716263556953834,33.315781781146256,22.88082669395106,17.625627962219173,2.292708904973061,2.479156200417963,-5.599518224192423,5.255198731731888
1254087,32.620121203540165,35.48026210552655,14.0120731813745,18.750900358358823,30.95448548812665,33.08981060606061,19.146371920614513,18.90937475907794,-2.8601409019863837,-4.738827176984323,-2.1353251179339594,0.23699716153657135
1254088,28.336216688072756,27.5596153979301,16.4742123857339,15.989094443817976,24.961281643131457,28.53347290789068,24.0570223056353,19.499145342566397,0.7766012901426578,0.4851179419159237,-3.5721912647592227,4.557876963068903
1254089,36.07681744197266,34.47828448616985,16.713275399608268,15.691178852913882,26.72518400336654,30.802348018748077,24.569339356295878,20.113131313131312,1.5985329558028099,1.0220965466943852,-4.077164015381538,4.456208043164565
1254090,33.95412050167951,33.59328045975012,16.01956774645391,18.903252147566285,30.3253376402742,29.57163239482292,22.211726248578053,25.323276984749597,0.3608400419293929,-2.883684401112376,0.7537052454512789,-3.1115507361715444
1254091,33.895104226935324,30.4085986157707,15.810423840135044,17.84461484340562,26.466151783045948,29.008271233914826,19.36508272936143,24.31518149572812,3.486505611164624,-2.034191003270575,-2.542119450868878,-4.95009876636669
1254092,33.96016661604101,32.76403201007514,18.993752999023723,13.92917711609714,26.29303534550751,33.91571544549718,25.322077781060983,16.354767481154635,1.1961346059658666,5.064575882926583,-7.622680099989669,8.967310299906348
1254093,27.55348057776159,36.074289732540244,14.693096302991913,15.838500638302376,21.176964341066856,35.85118317037654,23.643316883278377,17.61771645801927,-8.520809154778654,-1.145404335310463,-14.67421882930968,6.025600425259107
1254094,35.928384101736206,33.462107812572974,15.922652750185193,18.05461989974055,26.68135295777703,30.277677539656636,21.10228594146075,24.562723325477602,2.4662762891632326,-2.131967149555358,-3.596324581879607,-3.4604373840168527
1254095,31.497485934891937,27.70850111881481,18.411804794591422,15.230989479790617,26.76352128348502,28.00577368927443,24.51409715741256,23.26709416392545,3.7889848160771287,3.180815314800805,-1.2422524057894115,1.2470029934871114
1254096,33.74854042674313,32.56684758310862,15.818372065613772,15.87561253059275,29.591067549544107,27.212858417848572,19.982223080441855,24.44517458480295,1.181692843634515,-0.05724046497897817,2.3782091316955345,-4.462951504361094
1254097,35.63030442258801,31.7387061661075,18.420840506039248,13.38084010046524,29.211983037898214,31.075453403036093,24.444217818851932,18.99305803363639,3.89159825648051,5.040000405574007,-1.8634703651378786,5.451159785215541
1254098,36.38036517754591,36.204096250431256,14.360859773329665,17.123481255383417,27.208057142719944,39.532112946656554,19.93272454617468,21.315732885509757,0.17626892711465558,-2.7626214820537527,-12.32405580393661,-1.3830083393350776
1254099,31.660179813130515,30.496102466630223,16.336117305170696,17.787820161679825,26.17532861091569,31.084691153148874,24.196463804307434,24.142006520189945,1.1640773465002923,-1.4517028565091294,-4.909362542233183,0.054457284117489735
1254100,29.975670555283642,29.283001685838325,16.295697517440452,18.374275940465715,30.248063533669253,27.140430963193452,27.425206805503176,24.31073171388546,0.6926688694453169,-2.078578423025263,3.1076325704758005,3.1144750916177166
1254101,32.643939850174974,33.846698581217325,20.254087125276442,16.011361561024568,27.82974512923043,27.118032517565755,27.091299903799904,18.211075178877582,-1.2027587310423513,4.242725564251874,0.7117126116646766,8.880224724922321
1254102,33.27536145850868,30.866961830272867,15.61718833564351,15.28272260235256,34.67913472055864,30.24708936509311,15.57592611014221,21.516423271,2.4083996282358093,0.33446573329094953,4.432045355465533,-5.94049716085779
1254103,30.229503905849242,34.13365909342792,15.887476229879127,19.04002279169334,30.704391546707523,26.639362053132555,24.685902030636928,27.34165148360229,-3.904155187578681,-3.152546561814212,4.0650294935749685,-2.655749452965363
1254104,35.85727563849777,32.44237500431014,14.920376625286703,15.46529476642711,25.802037177695485,30.166974179370957,18.612340130851393,25.371111315093877,3.4149006341876245,-0.5449181411404069,-4.364937001675472,-6.758771184242484
1254105,36.40410139092728,32.74709165704418,18.235743357187516,20.196502463744952,27.846703446687506,29.71989290977735,24.920209787411153,26.83253000025161,3.6570097338831005,-1.9607591065574361,-1.8731894630898438,-1.9123202128404557
1254106,32.189474398269695,30.57327585437005,17.276258124741226,15.661741180758776,29.072834715799267,31.55878116431982,16.475826728073258,25.627318473263728,1.616198543899646,1.6145169439824496,-2.4859464485205542,-9.15149174519047
1254107,36.338363119714536,31.03667668220264,17.23039813845538,19.018862511313603,33.7735415308461,29.535976125826046,24.287668783876555,25.86957129087873,5.301686437511897,-1.788464372858222,4.237565405020057,-1.5819025070021766
1254108,31.399818154796634,31.60346539576014,15.45259363857969,16.30988488331739,27.274163797787953,26.86339790250379,23.621793799436524,16.35837217938174,-0.20364724096350528,-0.8572912447377004,0.4107658952841611,7.263421620054785
1254109,32.29823478221836,29.346361351850575,14.400264946901325,18.295380357395747,29.97333204292232,28.447303196425096,14.013912574870323,24.165766457241862,2.951873430367783,-3.8951154104944212,1.5260288464972227,-10.151853882371539
1254110,36.98807205905644,34.53017508351072,16.417217922478482,19.547293335910865,26.734478335088355,31.36249891868572,21.67578506859398,25.49909417452379,2.4578969755457223,-3.130075413432383,-4.628020583597365,-3.823309105929809
1254111,29.513470329302052,29.76670167200957,15.906464588013268,15.86663903726047,30.171299480345073,32.51196229988086,23.124301170624648,24.561793113507886,-0.2532313427075188,0.03982555075279848,-2.3406628195357833,-1.4374919428832378
1254112,34.356913984864626,31.128076030121928,18.439780117039923,14.170645776401713,28.7268183483798,27.219721791855918,25.082067636787315,24.034972177372886,3.2288379547426977,4.26913434063821,1.5070965565238836,1.0470954594144288
1254113,32.62130881373958,32.83717034711787,14.471108748591792,14.005860902512357,25.743245172726674,29.760766939790276,18.553964333510496,18.44825506969951,-0.21586153337828762,0.4652478460794356,-4.017521767063602,0.10570926381098644
1254114,32.236920826743564,33.659608974336514,16.340308374874628,18.798997260928864,26.581959691850134,29.06633786875842,20.56143530262472,27.46551948051948,-1.4226881475929503,-2.4586888860542366,-2.4843781769082867,-6.9040841778947595
1254115,33.224938464301765,32.18920110606454,18.626032142058428,15.897848815607995,31.4689825712102,27.272899398968256,16.59375426039793,17.78812719964186,1.0357373582372276,2.7281833264504325,4.196083172241945,-1.1943729392439302
1254116,33.89434795034364,32.92125064667515,18.44555622493194,19.391615199091383,27.77963935892154,31.332824712525785,24.338832471875953,17.040993017962855,0.9730973036684887,-0.9460589741594418,-3.5531853536042455,7.297839453913099
1254117,33.758605642867785,32.927644242166686,16.413584450042286,19.417635018008163,25.604309932917893,32.19459597117304,20.080385802602656,17.961122380278898,0.8309614007010993,-3.0040505679658764,-6.590286038255144,2.1192634223237583
1304047,33.020238596267106,27.92629979485074,14.159171038597828,18.015392109007298,27.882065465657607,28.386495963813893,19.512975032697653,18.934487866169903,5.093938801416368,-3.85622107040947,-0.5044304981562853,0.5784871665277507
1304048,29.26771749491363,28.761875112930046,16.217156634957178,14.078503216565181,29.183877968167607,28.60578052926793,18.771571397181155,21.6301675853009,0.5058423819835838,2.1386534183919963,0.5780974388996789,-2.858596188119744
1304049,33.97137483945297,24.7398646316197,15.771025029258908,17.232689666732618,33.78613937711995,18.65543929092061,20.35834496306218,25.138220889280213,9.23151020783327,-1.4616646374737101,15.13070008619934,-4.779875926218033
1304050,28.892069398930943,37.19452098647263,16.796406782587756,16.426915305242645,26.50942121346146,35.15125918055785,17.693196705932227,17.47367216117216,-8.30245158754169,0.369491477345111,-8.64183796709639,0.21952454476006622
1304051,32.41378756060617,30.832129946253712,17.93253860006105,13.643502157598135,30.86050027144036,32.623688935364484,21.60050590845667,19.836073346009933,1.581657614352455,4.2890364424629155,-1.7631886639241259,1.7644325624467392
1304052,30.33369974964999,31.046374486385137,16.97171898991504,16.394592729267064,35.58395953887408,29.31441053789593,18.385317760755687,23.23989475818248,-0.7126747367351456,0.5771262606479759,6.269549000978152,-4.854576997426793
1304053,32.57372251317136,36.37498648577654,17.20934788007505,18.42668946960079,27.73339601968004,37.71323013186168,19.473631688401596,25.23271485262316,-3.8012639726051773,-1.2173415895257413,-9.979834112181639,-5.759083164221565
1304054,29.514197490628487,39.84328828347534,17.03974994737152,13.224359993375458,32.864796508297246,43.11451771424592,18.721950995034845,24.514779789991888,-10.329090792846852,3.8153899539960605,-10.249721205948674,-5.7928287949570425
1304055,30.285212989188796,33.004927682530194,16.09214257102584,16.59046970990563,27.318556907515898,30.93471524797885,20.530554445571276,20.030606596033238,-2.7197146933413983,-0.49832713887979097,-3.6161583404629525,0.4999478495380387
1304056,27.135511400917192,29.758597710875026,16.775053003260894,17.413853770032837,29.39520737608973,30.339094945681218,21.359760912909476,17.621884224308808,-2.6230863099578343,-0.6388007667719435,-0.9438875695914888,3.737876688600668
1304057,33.394028669179015,39.37262536754438,18.42243604260758,15.683036035696995,27.677644699493037,40.251612903225805,23.22597595232852,26.270723684210527,-5.978596698365365,2.739400006910584,-12.573968203732768,-3.0447477318820084
1304058,36.30971289307103,30.757744273912493,18.27771273995863,13.93669617025418,35.753325663769544,33.35060998283753,26.736258738804263,19.282207609805923,5.5519686191585365,4.3410165697044505,2.402715680932012,7.454051128998341
1304059,35.07188844757051,28.7962655206387,18.897209999976305,19.507373906086407,30.10773483394421,25.959149202938118,22.38196353855385,23.933896747094362,6.27562292693181,-0.6101639061101025,4.1485856310060925,-1.551933208540511
1304060,30.657400705352444,35.18651506502864,18.46871366533651,17.986760953233272,33.23325959733294,34.85348135987104,19.258564727278753,24.257764155689202,-4.529114359676193,0.48195271210323654,-1.620221762538101,-4.999199428410449
1304061,29.571691703336473,34.387475522278535,17.62539693925624,18.840546385157566,29.654406252434388,34.77429410658237,21.030861460267037,28.124258141879572,-4.815783818942062,-1.215149445901325,-5.119887854147979,-7.093396681612536
1304062,28.904944923869724,33.24370308907388,19.55419279728636,18.63560985633951,27.93783516399193,33.7961671939522,19.01234087490961,29.956734551972268,-4.338758165204158,0.9185829409468482,-5.85833202996027,-10.944393677062656
1304063,31.413791880304018,26.91139438568189,15.23557454008342,13.987051734533106,23.75361187634055,23.163691380734047,20.459116730678783,19.417293233082706,4.502397494622127,1.248522805550314,0.5899204956065027,1.0418234975960772
1304064,37.00827228310696,31.478254756510132,15.861726823648175,18.187616388185603,38.01221119972336,25.840671539218715,22.404115695665446,23.517434197661323,5.530017526596829,-2.3258895645374285,12.171539660504646,-1.1133185019958773
1304065,28.989194476260014,32.00617792777451,17.93701561326525,17.159645285952156,29.85179914443898,35.728493362458025,22.96199912891986,19.237108449197656,-3.016983451514495,0.7773703273130934,-5.876694218019043,3.724890679722204
1304066,33.4845928190832,34.6908773097844,17.25917786443998,18.572966824728965,33.17961690903501,31.58834704498758,20.881343800678167,19.033178974149383,-1.2062844907012007,-1.313788960288985,1.5912698640474332,1.8481648265287838
1304067,32.47171142961065,30.360905672107954,21.338617641718564,14.235464083545471,31.21982623612405,27.28493626997846,21.486558741361293,21.343647783230892,2.110805757502696,7.1031535581730925,3.9348899661455903,0.14291095813040045
1304068,30.324400918047353,36.34821631257848,12.422824988200935,17.31725540367757,22.996219270757237,33.830362700078055,18.019314259316623,20.904184748555966,-6.023815394531127,-4.894430415476636,-10.834143429320818,-2.8848704892393435
1304069,33.167108296880855,33.37929946088031,14.847239006568325,15.120719327914008,32.77567894671588,34.40008539295562,24.137673933341407,25.49401964547506,-0.21219116399945648,-0.27348032134568356,-1.624406446239739,-1.3563457121336526
1304070,29.959524384892717,34.25175922494578,18.344921474162817,16.703559972612354,25.078855121034795,31.60275150925375,18.6837496376886,13.310098034829277,-4.292234840053062,1.6413615015504632,-6.5238963882189545,5.373651602859322
1304071,33.987087973577395,31.488844696983666,18.024406065130652,16.52097312356951,36.7313647398855,27.117324956836626,19.352821540765643,23.015277777777776,2.4982432765937297,1.5034329415611403,9.614039783048874,-3.662456237012133
1304072,32.129957451608725,35.77464909270967,16.572953047496988,13.95468769852464,27.882354960204715,30.843141855801225,20.56080554704365,22.372997221268953,-3.6446916411009482,2.618265348972347,-2.9607868955965095,-1.8121916742253035
1304073,30.620561205135598,37.40419342936143,17.291200340227405,17.761908339241092,30.29523057759648,33.029295560329395,21.743116418507874,22.10701141619967,-6.78363222422583,-0.4707079990136869,-2.7340649827329138,-0.36389499769179423
1304074,33.07175605130349,31.791533619295553,17.133983666156638,15.844604645138826,34.7879092828188,27.747673022251945,29.08051048005409,18.83966162356326,1.2802224320079354,1.2893790210178118,7.040236260566857,10.240848856490832
1304075,30.12856451947057,30.602169775326093,17.20695146040086,26.415895651281563,23.568303885213908,30.159093177003836,23.057228578535007,28.287572004608293,-0.4736052558555244,-9.208944190880704,-6.590789291789928,-5.230343426073286
1304076,33.079525434469595,32.65922297945709,16.693152688564947,17.828280014794252,33.06891830143719,29.456787458408108,18.79581243491979,18.61274845203526,0.42030245501250363,-1.1351273262293056,3.6121308430290853,0.18306398288452996
1304077,34.389217689738395,35.835417749103065,17.245481955458935,17.987361933740402,32.068708612875476,30.772421158418286,21.041465013644892,22.4587118064862,-1.4462000593646707,-0.7418799782814673,1.2962874544571896,-1.4172467928413077
1304078,34.556572436676674,34.02010467348364,16.92520745451849,14.33176051792186,30.24510947165567,34.26154628119178,21.268276023911863,23.592798474395735,0.5364677631930377,2.5934469365966297,-4.016436809536106,-2.3245224504838724
1304079,33.85823295760478,37.37405531390598,22.623011498032106,12.825278910888965,27.91495583518387,34.846208991316864,26.420382720621912,20.259360968158614,-3.5158223563012,9.797732587143141,-6.931253156132993,6.161021752463299
1304080,32.20695614804565,38.946044415499884,17.718741608511987,20.783411796236816,30.41651904841965,27.720858885840578,21.49321031887796,21.243997981766086,-6.739088267454235,-3.064670187724829,2.695660162579074,0.2492123371118744
1304081,33.777755985837636,31.585668273901845,22.87650851283305,16.759915864956106,30.667358934712645,33.842031173207864,31.124759587500414,18.345612477559488,2.192087711935791,6.116592647876942,-3.1746722384952193,12.779147109940926
1304082,36.618524254698215,32.008382329901615,19.930931154802085,17.7223992056469,29.795040356287174,24.83296250350614,20.961747439866635,22.675904844816728,4.610141924796601,2.2085319491551836,4.962077852781036,-1.7141574049500932
1304083,33.466479601781536,35.17291194564566,16.75687352681784,12.829119198372643,30.687774042500603,27.976889444341836,18.557043271049125,17.913334579777576,-1.7064323438641225,3.9277543284451983,2.710884598158767,0.6437086912715486
1304084,32.35491926569972,37.75806341156021,20.795225050968405,14.500557729407822,28.095973476820394,38.37702893579241,23.401674267662685,24.301383291955393,-5.403144145860487,6.294667321560583,-10.281055458972016,-0.8997090242927079
1304085,37.11673116830735,33.68548495915637,19.39691637978903,16.927886795382427,31.693457588317475,26.112984183062693,18.862338981032615,23.058102904955085,3.4312462091509843,2.469029584406602,5.580473405254782,-4.19576392392247
1304086,32.23536018696441,33.51112647449164,22.490499781346994,19.247606653731538,27.04728512141562,32.31330788132648,27.270770598492593,21.8531614700823,-1.275766287527233,3.2428931276154565,-5.266022759910861,5.4176091284102945
1304087,32.121207509482886,35.07245248116475,16.010517053916136,18.481316084230624,31.381944648579466,37.51820306656694,20.116271993335893,19.947756388873316,-2.9512449716818665,-2.470799030314488,-6.136258417987474,0.16851560446257707
1304088,34.759713791562355,37.59703155522124,17.344120238025425,15.195271042158732,32.98167246128829,38.917540040446106,20.892289615626307,24.123539208112742,-2.8373177636588878,2.1488491958666938,-5.935867579157815,-3.231249592486435
1304089,33.2937110991703,31.936697838446523,18.576326687763093,17.27095607303285,27.77625181694037,24.666113404275354,19.97658406898024,22.509523959451208,1.3570132607237788,1.3053706147302435,3.110138412665016,-2.532939890470967
1304090,31.160647364753995,34.5234325295064,14.599511195679616,21.676255628615703,23.99538418022592,29.06028481558959,17.789508827214856,22.299718210639945,-3.362785164752406,-7.076744432936087,-5.064900635363671,-4.510209383425089
1304091,31.920161700791198,32.637943744594885,16.399906015766316,18.44600193439021,31.89489179432239,27.579420214122592,19.887483831631727,23.54001725030188,-0.7177820438036875,-2.0460959186238945,4.315471580199798,-3.652533418670153
1304092,23.37955573553415,40.68381078940346,18.002807256235826,18.197467252767133,16.657827046350935,43.035036104547004,17.552777777777777,19.882444318978823,-17.30425505386931,-0.19465999653130694,-26.37720905819607,-2.329666541201046
1304093,28.006955631404644,34.17963465527413,18.167325096300736,20.440477500766768,24.193475179809397,29.563685471625348,18.50656576333052,22.913667658963437,-6.172679023869485,-2.273152404466032,-5.370210291815951,-4.407101895632916
1304094,33.89012300736615,37.049211599116504,18.47267260082171,15.870477172600095,28.47001191473176,36.500936735708294,20.96325113703894,23.879862690564625,-3.159088591750354,2.6021954282216146,-8.030924820976534,-2.9166115535256836
1304095,35.49917060753658,31.956253152499727,14.791196938241717,16.29046965158832,31.272407099814586,24.682860463163564,13.144765423267499,21.678048269049818,3.54291745503685,-1.4992727133466044,6.589546636651022,-8.533282845782319
1304096,30.978836392867514,37.48151869537045,19.902093535765587,14.046212242433057,30.731297194620982,34.44954200033767,21.36004491827473,16.458215795612528,-6.502682302502933,5.85588129333253,-3.71824480571669,4.901829122662203
1304097,33.25668295161225,31.774093137186316,16.786533444805286,15.755821741686427,27.801932282917342,26.359124586240622,19.960688418161936,21.001001354902627,1.482589814425932,1.0307117031188593,1.44280769667672,-1.0403129367406905
1304098,35.93548586186774,34.44826071598577,16.36621323222613,19.113891821438582,36.10617935215295,30.55173015390389,24.410111297369234,20.789463952426797,1.4872251458819719,-2.747678589212452,5.55444919824906,3.6206473449424372
1304099,33.58028624123029,29.40337406184489,17.32970571535615,19.950629149893302,35.60426600362988,29.17047344899077,19.52334418842183,29.861463733731874,4.1769121793854005,-2.620923434537154,6.433792554639112,-10.338119545310043
1304100,31.86825281814427,38.24084144146215,16.3637095787008,17.653416483873748,24.7163875284608,32.91758268919533,22.147290773911436,18.40650067001847,-6.372588623317881,-1.2897069051729488,-8.201195160734528,3.740790103892966
1304101,35.37035697952751,35.10871987461485,15.065394709119682,20.27515823849062,24.993994895741395,31.92883297997576,20.004785643399504,21.183021293019078,0.26163710491265846,-5.209763529370937,-6.934838084234364,-1.1782356496195732
1304102,32.73503416784054,32.494276929341474,16.764847289588264,13.560014602548396,34.7574973052509,32.842727272727274,19.3446061813372,18.04393655934433,0.24075723849906439,3.2048326870398682,1.9147700325236272,1.300669621992867
1304103,30.798847272075495,36.07506140830788,18.24097397682741,20.156395543547244,27.089579523392466,34.72491102273283,27.03693421107653,28.109786253807556,-5.276214136232387,-1.9154215667198358,-7.635331499340367,-1.072852042731025
1304104,36.003662114255405,32.78355820021235,17.81016843506834,18.676571019117297,28.049347755989675,30.641088486113837,20.67231640416552,19.664461412882222,3.220103914043058,-0.8664025840489558,-2.5917407301241617,1.007854991283299
1304105,37.32828212454352,30.829025573155423,17.79319704129235,15.828480043321111,28.770049729496172,30.99543211884624,20.332272952310227,20.74047460811601,6.499256551388097,1.9647169979712373,-2.2253823893500666,-0.40820165580578305
1304106,35.74899054394718,32.39132838149025,14.814329359599958,17.533485923102496,36.112699259938445,26.012261639825972,22.394896988316876,21.843672008491687,3.3576621624569327,-2.7191565635025388,10.100437620112473,0.5512249798251894
1304107,31.44533646804483,34.761025172901725,17.848789280965576,17.61539758742113,34.45824861399993,27.879230477740204,19.127559718390298,18.633892461450852,-3.315688704856896,0.23339169354444778,6.579018136259723,0.493667256939446
1304108,33.5931118084674,30.976047046764183,17.878292207792207,22.52583714517628,24.672010262454457,24.231644328607615,16.013636363636365,28.903764604019592,2.6170647617032152,-4.6475449373840725,0.44036593384684153,-12.890128240383227
1304109,32.044035098300924,33.34598109784222,20.614862318416137,17.837799457934675,30.52319876403797,30.448181182774206,27.8930395511498,19.139801713678427,-1.3019459995412959,2.777062860481461,0.07501758126376501,8.753237837471374
1304110,34.14874944478674,35.981658750529,18.032710097743177,16.05625694563595,30.05085043433469,36.21481681517993,22.2009726146033,22.473890042429822,-1.8329093057422625,1.9764531521072257,-6.163966380845238,-0.2729174278265205
1304111,29.951487909699637,32.025843675147804,17.984865873440203,16.782190052811757,30.20345005145903,24.40517928649924,21.023745133584953,19.221366286618583,-2.0743557654481677,1.2026758206284462,5.798270764959788,1.80237884696637
1304112,32.9139806759433,36.04544104006638,17.76257635475664,17.518920799159737,36.211149883442644,31.787977427487572,19.525877449469846,24.141441002661185,-3.131460364123079,0.24365555559690222,4.423172455955072,-4.61556355319134
1304113,30.846441906754297,31.828009277074404,20.355474803441904,18.60212104926465,27.857699241517963,24.67424036108182,23.920772802203558,23.231246814687232,-0.9815673703201071,1.7533537541772546,3.1834588804361417,0.6895259875163262
1304114,32.41227809168323,34.55970148306606,18.478492214299628,19.085408057211755,26.23798005388451,30.70268626075074,15.67362925126083,33.08904720323477,-2.14742339138283,-0.6069158429121266,-4.464706206866229,-17.41541795197394
1304115,34.743654791766225,30.57509631056061,20.006475714014833,19.02823490446633,32.62777434980991,30.664409341524056,22.95216078198147,23.788973742730416,4.168558481205615,0.9782408095485025,1.9633650082858551,-0.8368129607489472
1304116,34.915210550124755,32.20323960498526,12.697770792595716,18.567040224264993,34.80327813379549,26.989157743091802,21.781286943529473,15.813687589441884,2.711970945139498,-5.869269431669277,7.814120390703685,5.967599354087589
1312197,30.95580184467414,32.90772671674066,18.785872715448676,18.926452785482958,24.321711007093946,30.794419950183023,23.554995033218106,31.688287602847595,-1.9519248720665203,-0.1405800700342823,-6.472708943089078,-8.13329256962949
1312198,33.68450073200298,32.20130005595772,17.739390878628278,17.640748259044585,32.22907624754207,24.955587232665962,18.933386554621848,22.84405682070282,1.4832006760452643,0.09864261958369269,7.273489014876105,-3.910670266080974
1312199,32.5794268189731,33.30698876404595,17.264389781211413,17.646414443186508,29.804718145641182,26.16904408654677,28.133457100258173,23.15810694189406,-0.7275619450728499,-0.38202466197509466,3.6356740590944128,4.975350158364112
1312200,31.28151036022165,34.01937192308994,17.4316072960668,17.953841509155932,24.948502205204036,32.71527124980635,19.628875907632555,30.15011609732888,-2.737861562868293,-0.5222342130891313,-7.766769044602313,-10.521240189696325
1359475,33.89254351457249,30.365567735206653,13.147516332635098,16.9967543523431,26.009083888256008,28.00686814406051,14.071163620530946,21.53292272873475,3.5269757793658343,-3.849238019708002,-1.9977842558045005,-7.461759108203804
1359476,31.938153141736596,32.79972369975503,15.72036378101528,16.274959079858533,36.013836192174594,34.780929317069635,19.329259574798797,24.5178458233554,-0.8615705580184319,-0.5545952988432532,1.232906875104959,-5.188586248556604
1359477,33.699134465698414,32.93326666099369,16.948449159800436,15.432076405338075,34.76455944151628,31.007729391048237,19.392695127080454,18.50173204421743,0.765867804704726,1.5163727544623615,3.7568300504680465,0.8909630828630242
1359478,32.11541856019597,31.87502192703926,17.820099151394988,15.752130484180844,30.535625467538054,32.130036004050254,23.058627664407332,16.756347118822568,0.24039663315670978,2.067968667214144,-1.5944105365121999,6.302280545584765
1359479,36.64041315270567,32.29135643687496,17.885935578128738,16.80444210313772,36.98615792759051,24.65143188862273,19.86650259669793,20.654215516399937,4.349056715830706,1.0814934749910172,12.33472603896778,-0.7877129197020061
1359480,33.72639917588416,38.835440333488414,18.75505014454352,21.10307130929351,25.739080296366343,29.31646757793944,21.509113987238987,23.846537419349144,-5.109041157604253,-2.3480211647499907,-3.577387281573099,-2.337423432110157
1359481,31.0788267111769,31.480107082682917,15.867803938562712,16.444945858500176,32.67055171687367,24.181895184706445,20.546304414756907,21.748750348865357,-0.40128037150601514,-0.5771419199374641,8.488656532167223,-1.2024459341084501
1359482,32.09363758235471,34.455664787683496,15.9902173276133,16.921249842408322,32.52996955457391,33.06111035620354,22.788779054974118,19.957662885892137,-2.3620272053287863,-0.9310325147950227,-0.5311408016296326,2.83111616908198
1359483,31.629026823771255,32.895717175991855,16.72772482176097,15.330115712819287,36.39866512714262,28.94667910510372,19.652265275507744,20.01388976045411,-1.2666903522206,1.3976091089416816,7.451986022038902,-0.3616244849463648
1359484,39.263594306742725,28.494700537984386,14.565185841946482,16.19668711005171,36.0015689200975,29.344990973550253,13.479940299583824,17.828948039473705,10.768893768758339,-1.631501268105227,6.6565779465472446,-4.349007739889881
1359485,32.713958624814126,36.226731762043734,13.896019781226594,16.983617728450966,35.24601157291726,36.10619813059203,18.702795759452105,20.756878053969785,-3.5127731372296083,-3.0875979472243724,-0.8601865576747656,-2.0540822945176807
1359486,33.51748491102386,34.641929862713134,13.44143799838893,14.7621930836246,26.080157727877722,32.01195589354928,13.75046031096563,15.03467365967366,-1.1244449516892772,-1.320755085235671,-5.931798165671555,-1.284213348708029
1359487,31.643121758384723,33.10197878109988,16.18887033373245,22.212564723165116,24.99314841775903,36.16749553226738,21.010432865304626,25.951499243162765,-1.4588570227151578,-6.023694389432666,-11.17434711450835,-4.941066377858139
1359488,33.92487038404823,25.608508551265967,17.169396557296295,14.23556241910162,35.2336564171123,21.005651169147043,22.140883155664792,19.944068460389005,8.316361832782267,2.9338341381946744,14.228005247965257,2.196814695275787
1359489,36.399350585211515,34.74495756704786,23.048928229037195,14.658486070635618,33.398726336614246,24.709415226203827,28.947969896456733,22.930034965653793,1.6543930181636526,8.390442158401576,8.689311110410419,6.017934930802941
1359490,31.587000973932955,32.52755658835073,14.55244424567999,11.393599679138635,34.15897484274994,29.639845217934106,20.392032421004405,12.007104453977865,-0.9405556144177716,3.1588445665413545,4.519129624815836,8.38492796702654
1359491,33.279648936877585,37.19657029959762,16.233292926787655,18.168409965146385,26.596271943912598,35.63795415510108,16.365892259914,22.234616436680767,-3.916921362720032,-1.9351170383587295,-9.04168221118848,-5.868724176766769
1359492,33.22058695763567,32.296890010696316,17.54096933711891,18.960316212200468,27.42905751938093,33.204612291309246,22.986416212488315,28.57591992415022,0.9236969469393514,-1.4193468750815583,-5.7755547719283165,-5.589503711661905
1359493,32.483160626662276,27.006968505210086,20.268327108124517,15.989197285365895,36.238651542773205,27.455213805734317,23.4693719689473,19.96283152930051,5.47619212145219,4.279129822758621,8.783437737038888,3.506540439646791
1359494,29.070039525427287,32.32988861293246,14.679625304612665,18.925831762676697,29.67192944591998,25.97268458829925,19.753484201611496,24.190710890291278,-3.25984908750517,-4.246206458064032,3.69924485762073,-4.437226688679782
1359495,35.303662761052024,30.313165765771995,20.363006847814,17.272745577210436,33.85160019737606,34.02797913719944,26.64752711057059,26.47735906232105,4.990496995280029,3.0902612706035626,-0.1763789398233797,0.1701680482495398
1359496,32.06242370155743,34.650528794533315,18.208454456067138,14.77043044376272,35.61306194845396,32.595826480093784,20.855557114644917,16.53193300601837,-2.588105092975887,3.4380240123044175,3.0172354683601768,4.323624108626547
1359497,33.13974236373726,35.12680209466794,18.841805796941735,18.496959750695748,28.328091538822758,33.51546733363123,23.956565557668036,18.088889166569864,-1.9870597309306746,0.344846046245987,-5.187375794808471,5.867676391098172
1359498,32.879803294543706,32.4977930269182,16.618653011048337,25.127090011868713,26.6552357175779,24.767818718387126,16.457444703372182,30.70779905874886,0.3820102676255033,-8.508437000820376,1.8874169991907728,-14.250354355376679
1359499,33.065132927905175,30.8263287210722,12.911661473077212,13.378577486532208,30.270251724414333,29.26710183531037,15.315519761403909,18.980287467096286,2.238804206832974,-0.46691601345499656,1.0031498891039625,-3.664767705692377
1359500,32.919528850251716,35.27581020279111,21.19735756141369,17.65884287552118,30.878068229277318,33.30742109588209,20.324330415793668,20.220399910695154,-2.3562813525393906,3.5385146858925083,-2.4293528666047735,0.1039305050985142
1359501,30.991462272853965,32.768646482628604,15.585684589165856,20.816380100943437,33.94668826585863,25.013244490203977,20.33758258889197,25.9533966671762,-1.7771842097746386,-5.230695511777581,8.933443775654656,-5.615814078284231
1359502,30.18490548241398,34.40539076311945,16.282456676918525,15.846666448088508,32.344420582733306,36.87537744264948,16.09007867132867,18.16273370742401,-4.220485280705468,0.43579022883001706,-4.530956859916174,-2.072655036095341
1359503,32.67264514241872,30.30676193525304,18.053490577596193,17.36607653893989,26.885629933867094,30.139666571752482,23.700058145414097,17.969968820861677,2.365883207165684,0.6874140386563035,-3.254036637885388,5.73008932455242
1359504,31.597729096847917,33.555141007271295,16.737061209818222,15.528315365617965,25.678569476363172,30.037780617328234,20.242664759245585,13.691430881744672,-1.957411910423378,1.2087458442002568,-4.359211140965062,6.551233877500913
1359505,35.23336901593751,29.66804086428951,14.893865387322052,15.366435509186667,31.732900139578014,33.28723464837354,15.770137334908377,21.26253356551102,5.5653281516480035,-0.47257012186461544,-1.5543345087955274,-5.492396230602644
1359506,35.31160554871632,34.7984734009912,18.005564752677078,18.751795651274897,34.177837799087484,29.337144847343605,20.026384769203457,21.483911068888588,0.5131321477251234,-0.746230898597819,4.840692951743879,-1.4575262996851315
1359507,32.765932927196445,32.65439209400542,17.991041395174204,18.317277134191386,26.316198536979517,35.59337745510565,24.207379940719253,23.263145007376718,0.1115408331910217,-0.32623573901718217,-9.277178918126136,0.9442349333425355
1359508,29.051280411098134,30.136943177563044,16.41263264617752,16.767097055058706,27.519614832492046,29.910761125547683,15.326247589199614,19.412201210021806,-1.0856627664649103,-0.354464408881185,-2.3911462930556375,-4.085953620822192
1359509,32.410193310035936,36.56829823906891,19.04112652577836,16.534536164030992,28.20913493522334,34.37710843373494,23.631338741385118,17.906626100126044,-4.158104929032973,2.5065903617473673,-6.1679734985116,5.7247126412590745
1359510,33.30244976937714,33.28005799982582,16.272288261386343,16.945407163091684,34.46167955256067,25.312896829276525,19.850535834566937,20.81053481087514,0.022391769551319385,-0.6731189017053403,9.148782723284143,-0.9599989763082029
1359511,34.766424272455346,33.945907759491604,18.242007889967006,18.117381511192242,28.098936575873758,33.62470153732374,26.064330295462373,20.024420719975215,0.8205165129637422,0.12462637877476368,-5.52576496144998,6.039909575487158
1359512,31.91571603677819,33.302477705780916,16.841715144144978,18.166212013873817,30.03106582361033,32.276136148394656,19.393554845178258,29.681211667545536,-1.386761669002727,-1.32449686972884,-2.2450703247843258,-10.287656822367278
1359513,32.92850408338454,32.39255888507139,20.944498325631237,16.852519113693308,22.149997004632873,34.66073733775771,21.8966093377828,19.74831898702272,0.5359451983131507,4.091979211937929,-12.510740333124836,2.148290350760078
1359514,29.590614674309975,31.037636375275696,16.136955818284388,16.196042368438732,26.868789562491767,31.254048982987914,15.02193371144984,20.644935587151064,-1.4470217009657205,-0.05908655015434405,-4.385259420496148,-5.623001875701224
1359515,34.81660794700989,35.088396164073735,18.00058908013998,16.525414792223486,25.56812636671445,35.06294903926483,23.43486721611722,27.607285752830666,-0.27178821706384326,1.475174287916495,-9.49482267255038,-4.172418536713447
1359516,34.04159303441581,35.19245752318479,17.062259457962067,18.71773176499738,30.12839389377901,34.51036022166246,20.339902215487513,21.176815725851398,-1.1508644887689812,-1.6554723070353141,-4.38196632788345,-0.8369135103638854
1359517,35.773326369314034,33.93485972767447,19.714081954837567,19.994041738072568,34.64754279909608,26.44881831246799,30.194535975262223,23.970713228762218,1.8384666416395632,-0.27995978323500026,8.198724486628091,6.223822746500005
1359518,29.476517333783537,32.834330143919054,15.85993167614179,21.351295682421526,29.34799041956059,28.438779266919397,17.718612440191386,23.956296696878617,-3.357812810135517,-5.491364006279737,0.9092111526411912,-6.237684256687231
1359520,35.02357448326841,33.990466102188314,18.09114513826247,15.648529212551537,31.95858779464443,33.428709763435386,20.996031525627068,21.41107767090935,1.0331083810800976,2.442615925710932,-1.4701219687909557,-0.41504614528228245
1359521,34.96518305871316,30.797523761883088,16.778823318230195,15.199208722814266,36.57267283263432,30.459095253167934,20.135789407346703,19.854305638931717,4.16765929683007,1.5796145954159293,6.113577579466384,0.28148376841498646
1359522,31.70059846844841,34.45915623721452,20.737472785152402,19.342894608493005,24.369430327844,34.13258493768345,22.93160957136682,18.18303396153001,-2.7585577687661136,1.3945781766593974,-9.763154609839447,4.748575609836809
1359523,36.84403978649492,35.66198782672,17.692375892326318,18.52850273633522,27.31002044898632,33.982362460771554,24.152914687983962,20.08113553113553,1.1820519597749168,-0.836126844008902,-6.672342011785233,4.071779156848432
1359524,28.167846615183358,31.801822152892836,16.72770214500597,20.11136514261171,28.4325183073422,25.755330718058854,15.369068854640457,24.084680450050357,-3.6339755377094782,-3.3836629976057395,2.6771875892833457,-8.7156115954099
1359525,32.80888542771777,33.172718289295226,21.44690338942515,18.886682329334924,22.362825326593654,29.68603382258774,24.699714298897444,27.857158729995053,-0.36383286157745687,2.5602210600902247,-7.323208495994084,-3.157444431097609
1359526,34.0189351269354,30.671734669220246,18.16258627886795,17.706983824571175,28.7821503334342,30.857109547244036,24.049023358384126,20.709471022156166,3.3472004577151573,0.4556024542967734,-2.074959213809837,3.3395523362279604
1359527,35.169845460449324,34.45596489665496,15.012895709127742,15.317460354750954,35.84661323646529,33.23984487224774,18.81324799751015,20.953753574525344,0.7138805637943619,-0.3045646456232127,2.606768364217551,-2.140505577015194
1359528,35.30222982347137,33.244993749839516,15.65998033786334,19.82135945394161,33.671954323689896,25.724659427892448,20.314393939393938,23.57344399845246,2.057236073631856,-4.161379116078271,7.947294895797448,-3.2590500590585236
1359529,38.20945969648118,30.359241727438928,18.239563448403448,16.29359265857079,30.213966211321228,31.410704611778602,27.617345518426383,15.33793523665539,7.850217969042255,1.945970789832657,-1.1967384004573738,12.279410281770993
1359530,35.19133500000307,36.999732653691765,18.065114718667886,17.827018698438973,36.45413328688377,31.516002144775815,18.474792616084393,17.415764983361466,-1.8083976536886937,0.2380960202289124,4.938131142107952,1.0590276327229269
1359531,34.335048808676284,35.84752660545815,21.40202168563184,15.903490621718415,30.426382809168114,31.398832213489726,25.952409053053607,17.25009830720524,-1.512477796781866,5.4985310639134255,-0.9724494043216119,8.702310745848369
1359532,40.74478977069266,32.78554868126307,16.31061101124893,14.945612772942676,39.53844106610144,31.90040964865208,21.715520022067473,17.747476302863248,7.9592410894295895,1.3649982383062547,7.638031417449362,3.968043719204225
1359533,29.95105520519928,34.95543709990695,16.592810171853202,14.898151388397565,30.917590622323168,33.25047402727542,16.153776342849604,20.283233525279137,-5.00438189470767,1.6946587834556368,-2.3328834049522555,-4.129457182429533
1359534,36.50726781720251,33.243233026552424,16.6754850549475,15.376525572938174,36.0852385925526,27.606676839308257,15.604734524516859,16.826941065295394,3.2640347906500864,1.2989594820093266,8.478561753244342,-1.2222065407785347
1359535,37.656241521120386,34.783444144813046,17.76876281912018,14.152201781037315,28.07657771736286,35.94203211030868,28.117807392601026,16.334043556039507,2.8727973763073393,3.6165610380828657,-7.865454392945821,11.78376383656152
1359536,35.441001526959866,34.63411000898523,19.562499781387093,15.165247993729029,30.860741272478407,34.05824454558946,22.89783081306809,17.462452733912826,0.8068915179746341,4.397251787658064,-3.197503273111053,5.435378079155264
1359537,34.996037886768335,35.8832493339725,19.864654726235706,15.772847451520224,26.54918492703623,31.245404929752475,33.472629729647565,15.778081160345366,-0.8872114472041659,4.091807274715482,-4.696220002716245,17.6945485693022
1359538,29.991181104083783,35.69193603336488,16.342267833172627,17.81441523113339,31.857586469420546,32.03536286325962,18.915672719178385,28.02024309656487,-5.7007549292811,-1.4721473979607609,-0.17777639383907484,-9.104570377386484
1359539,35.16715218165423,30.986249298407913,18.749978368167838,15.837499470713079,26.845460167350478,27.28082584922419,23.69526285698835,22.513311486406998,4.180902883246318,2.9124788974547595,-0.43536568187371216,1.181951370581352
1359540,35.77917917319114,33.29930965954737,15.724159540427376,16.955459741750722,31.658133815734764,33.23572616125887,27.304287060802455,19.999225488429104,2.47986951364377,-1.2313002013233465,-1.5775923455241028,7.305061572373351
1359541,36.91385465994597,30.861295292712665,17.110059698973426,16.47725869647926,23.435330296990934,32.167669892630855,26.332080827780977,21.115232234198025,6.052559367233304,0.6328010024941655,-8.732339595639921,5.216848593582952
1359542,33.651639229047056,33.35547675087499,14.471075808232296,18.751878862807782,35.48471915154138,27.87915122428343,19.342076569847166,31.538972913794503,0.2961624781720644,-4.280803054575486,7.6055679272579475,-12.196896343947337
1359543,35.48223494954774,31.87664213498191,17.16885092725164,10.437531560053541,28.034090663290186,29.744096992609162,14.462246243594484,14.131093996690847,3.605592814565828,6.731319367198099,-1.7100063293189756,0.33115224690363654
1359544,31.831590430707795,32.51235974591591,19.668799614232704,19.219950741287697,27.689085533262535,26.45043905415732,22.527743311849267,24.3642376394779,-0.6807693152081136,0.44884887294500686,1.2386464791052134,-1.8364943276286319
1370350,38.06397696158438,36.51797206784497,18.143473008961113,20.346874547200184,28.411311612374856,30.88553118887543,28.439369374147173,21.997833496181862,1.5460048937394077,-2.2034015382390706,-2.4742195765005732,6.441535877965311
1370351,33.244759114213664,37.24004450062706,17.208202037759328,15.485201766224218,31.3344536535664,32.30125935811334,29.082118441644017,19.856226824473357,-3.995285386413393,1.7230002715351098,-0.9668057045469425,9.22589161717066
1370352,35.762212232005005,35.71170330376386,19.781320188689044,17.613007296183934,28.69588783086409,31.590767896623326,21.865463796145445,20.089670385182096,0.05050892824114328,2.16831289250511,-2.894880065759235,1.7757934109633489
1370353,36.68866223219125,36.84136337604879,18.841745143881134,20.63581016567905,27.66169706902533,28.633726473118756,29.30080085505918,21.84111377004667,-0.1527011438575414,-1.7940650217979162,-0.9720294040934263,7.459687085012508
1422119,33.91681313230739,38.01056276732513,16.204982312273874,13.163049336863489,28.67005070703709,30.214813818967308,20.879282402773622,15.291302712030829,-4.093749635017744,3.0419329754103845,-1.5447631119302194,5.587979690742793
1422120,33.601445832197875,35.986636960037394,17.328463722078148,16.28119089824849,32.75085110136751,31.375555696822104,18.232173711481888,30.90230424570412,-2.3851911278395193,1.0472728238296583,1.3752954045454047,-12.670130534222231
1422121,35.05117219655152,34.703768799849456,16.51528660406249,17.236590543667525,35.141068188169896,29.828094300094065,21.781692914996988,21.081555477677313,0.3474033967020631,-0.7213039396050362,5.312973888075831,0.7001374373196754
1422122,33.59338089767861,31.92729635295917,19.37268445850474,17.53704654239499,28.626961170218824,32.69028375042546,32.2727297802599,19.736144195931054,1.6660845447194355,1.83563791610975,-4.063322580206634,12.536585584328847
1422123,38.28353587249433,36.14126310926005,21.33966743822914,18.665344632105718,31.09388562041159,35.34350961538462,20.722334381044487,21.225925147182505,2.1422727632342813,2.6743228061234205,-4.249623994973028,-0.5035907661380179
1422124,36.541255859874546,37.25802569906801,16.29189277134882,10.876287798076962,31.342755353466245,29.895104648414115,30.64921658699212,14.655033508158509,-0.7167698391934607,5.415604973271858,1.44765070505213,15.994183078833613
1422125,39.65833310384851,37.943625972819774,18.761654399560722,25.219155970198535,38.3575864201008,32.15013826075085,29.329786084943382,25.987280701754386,1.7147071310287387,-6.457501570637813,6.207448159349951,3.342505383188996
1422126,34.908988762977586,35.401070265672296,19.22438226530209,16.05615987255127,33.71167129063596,24.991576445188123,22.663072769247467,19.191383797168456,-0.4920815026947096,3.1682223927508204,8.72009484544784,3.4716889720790114
1422127,29.23882263277058,33.039935974147184,14.528503600078366,16.047013232751237,29.11949403977292,32.33088998422117,19.199591526894157,18.676755468921364,-3.8011133413766025,-1.5185096326728704,-3.2113959444482525,0.5228360579727926
1422128,31.111814601998837,36.64875351789944,17.33493788558572,13.048495935204244,30.371537947404533,29.609178289771407,21.996103484611897,14.90089079347463,-5.536938915900606,4.286441950381477,0.7623596576331266,7.095212691137267
1422129,33.98625328808339,36.42189296885034,19.13066509852355,16.119757052928396,28.517271442258078,31.832184401805755,25.179924242424242,30.37399796784473,-2.435639680766947,3.010908045595155,-3.3149129595476765,-5.194073725420488
1422130,35.764380658194106,37.337723843803644,18.655568431516823,14.946135355306023,24.97641314882255,31.31062544147947,18.999779492075824,19.08770641635974,-1.573343185609538,3.7094330762108,-6.334212292656918,-0.08792692428391646
1422131,40.884239995939936,32.472040796741574,19.42863520866921,16.922050713358093,41.1851215600879,31.56357111242924,28.50801218201077,19.84754008744444,8.412199199198362,2.5065844953111167,9.62155044765866,8.66047209456633
1422132,37.1288609189217,33.634232681473456,17.277667112849016,17.76023628630785,35.45037916907654,32.51665668587814,26.368237002425587,19.117622279602394,3.4946282374482465,-0.48256917345883465,2.9337224831984017,7.250614722823194
1422133,33.57696851124851,38.01408537602256,23.489078507751806,11.83688224113428,28.54245847150827,34.15527731481234,31.942682832171275,14.109396805810839,-4.4371168647740475,11.652196266617526,-5.612818843304069,17.833286026360437
1422134,33.34904956819115,35.1622939007291,16.36033558161831,15.49424898049027,31.638515349781542,37.31429754603499,19.086585818012388,21.83296432472738,-1.8132443325379484,0.866086601128039,-5.675782196253451,-2.7463785067149935
1422135,34.88991760624797,34.77809999705135,17.713679837277816,15.591796743623643,27.711071674543295,33.23659215982238,18.950922325965696,30.417999226499006,0.11181760919662054,2.121883093654173,-5.525520485279085,-11.46707690053331
1422136,35.56607397755648,35.569249324790896,17.122846055578854,15.709837881684482,30.932407463570335,32.512239877644426,17.831885136140457,23.939028677957065,-0.0031753472344178135,1.4130081738943723,-1.5798324140740903,-6.107143541816608
1422137,32.90112288609043,37.21357733377529,19.35879301288846,10.965924040243717,32.16640480853288,32.020678493384246,19.87823988502744,16.256568108083407,-4.312454447684864,8.392868972644742,0.14572631514863588,3.6216717769440336
1422138,33.10275975396115,36.644272634873616,16.159796689483784,19.629800036978292,33.34971923321206,30.913505332350056,19.199921373468115,24.66013351448364,-3.541512880912464,-3.470003347494508,2.4362139008620076,-5.460212141015525
1422139,35.93674747863151,33.862085595094605,18.9239107713098,22.097725140809125,31.047660421865576,28.548451976767822,27.573039159988955,34.22926593624604,2.074661883536905,-3.1738143694993255,2.4992084450977536,-6.656226776257082
1426260,33.49332263133647,40.80928005262615,14.126534585699371,16.658851886359745,25.14508688483004,43.73782032858581,22.059304595238242,22.567336321585337,-7.315957421289681,-2.532317300660374,-18.592733443755773,-0.5080317263470953
1426261,36.54784880444817,37.20492247502967,15.490506447058442,14.039390936167024,36.70966408273934,32.488673074557965,30.080412075805555,23.87630377627799,-0.6570736705814966,1.4511155108914178,4.220991008181372,6.204108299527565
1426262,33.88583755518908,34.07838017066079,17.849270623630193,17.571914186167703,28.770023437503486,29.07024451791072,23.57892495071649,18.604251985903204,-0.1925426154717158,0.2773564374624904,-0.3002210804072334,4.974672964813287
1426263,37.62289668497175,36.479681089604206,20.958918693842147,17.051832161926555,27.06011524753128,31.116239816923617,30.491291288447968,19.145404449989602,1.1432155953675434,3.907086531915592,-4.056124569392338,11.345886838458366
1426264,37.24595936504408,33.85220376355667,14.44412889763639,17.48935095735821,36.160913769776286,28.574603921632786,15.199029982953347,26.535612485912225,3.393755601487406,-3.0452220597218194,7.5863098481435,-11.336582502958878
1426265,38.884225304636594,35.50940143709386,16.899967890939045,14.586630548117764,38.89501526251526,35.00960344003822,30.45408463709923,17.13680419025056,3.3748238675427373,2.3133373428212813,3.885411822477039,13.317280446848667
1426266,34.74876596199127,33.833045199527476,17.32214436265243,19.610527665500932,33.0608127392945,30.192808448576418,22.979965829218905,27.396978021978022,0.915720762463792,-2.2883833028485014,2.86800429071808,-4.417012192759117
1426267,33.879582853411456,39.017473475801616,18.52044160027744,20.235486487167677,28.8339740255715,33.841762045514976,31.267956181596322,27.315670994691033,-5.1378906223901595,-1.7150448868902366,-5.007788019943476,3.9522851869052893
1426268,35.64298706450431,37.32928974542823,13.8138058974591,15.306404180807794,26.834084035921133,31.384824326282235,16.84971611493188,23.516242494855124,-1.6863026809239159,-1.4925982833486948,-4.550740290361102,-6.666526379923244
1426269,36.422094594778166,32.931556239313515,17.53686398889472,15.397684786866051,37.719262619536956,33.17317024875677,22.9543078032293,17.00097386604902,3.4905383554646505,2.139179202028668,4.546092370780187,5.9533339371802825
1426270,32.46638320091809,35.00422600110132,16.253020181320867,13.51814083733085,35.943388747669886,29.52525033243809,16.749495849894785,16.24957636900914,-2.5378428001832347,2.7348793439900163,6.418138415231795,0.4999194808856444
1426271,37.29674993061502,35.21139757576493,18.250902710844848,17.97651922112831,33.06904694375083,35.709114129369446,25.11552298349763,30.757926121933053,2.0853523548500945,0.2743834897165378,-2.6400671856186193,-5.642403138435423
1426272,35.29579912668612,34.96505346059042,19.69630631766733,16.20783300745826,33.20340559031926,26.68397378448095,28.69541727190694,22.361336386744096,0.33074566609570155,3.48847331020907,6.519431805838305,6.3340808851628445
1426273,37.31970166611614,41.80932278071844,17.274044382691496,14.280342927306382,37.73964695653878,37.20322178675189,20.12158398628114,20.415189747465075,-4.489621114602301,2.9937014553851142,0.536425169786888,-0.2936057611839331
1426274,36.921055928799,37.21034695862856,17.057008828249103,12.611596698967185,37.893270068417735,30.583796306939597,21.01690204246095,12.923864435967786,-0.28929102982956323,4.445412129281918,7.309473761478138,8.093037606493162
1426275,33.03629128490723,35.832742377770536,18.712325972926287,17.765573446464984,29.3370802916393,37.16247918347134,19.932415136119857,30.90831850894148,-2.7964510928633075,0.946752526461303,-7.825398891832041,-10.975903372821623
1426276,37.117163805175345,35.67327059783497,18.100327080631423,15.033236288137147,30.43921330361974,31.64859807464717,24.21511607268736,18.496521647538497,1.4438932073403734,3.0670907924942767,-1.2093847710274268,5.718594425148861
1426277,34.53142869342478,32.41165954545995,18.346911013560465,15.546245015465946,23.33835163554607,28.58596329175927,30.640961364279157,21.071193197463884,2.1197691479648313,2.8006659980945194,-5.247611656213202,9.569768166815273
1426278,37.925880520207734,33.68920501706953,18.06583499658397,18.466342771563824,38.920536728660736,31.126210943432937,20.353047041699114,17.315827005311327,4.236675503138201,-0.4005077749798538,7.794325785227798,3.0372200363877866
1426279,37.479694060240384,42.602881652149506,12.697971405905111,15.808702591601895,33.8419966926777,38.86562140809322,13.375622907141326,23.838203258246363,-5.123187591909122,-3.1107311856967836,-5.023624715415522,-10.462580351105037
1426280,36.435792372212624,32.258285993732656,20.331715627845618,18.677988803253477,37.0060387504744,30.262320096070027,27.31804964397078,30.698041425452157,4.177506378479968,1.653726824592141,6.7437186544043755,-3.379991781481376
1426281,37.408478440766494,37.69098901666016,17.896146409472784,10.519798552923607,35.19446132046736,32.19236369834134,19.008188686313687,14.496507988872963,-0.28251057589366724,7.376347856549177,3.0020976221260227,4.511680697440724
1426282,34.16544919887932,36.16141034034315,16.073411031853233,16.403733707101676,27.12055966270156,31.388063512264086,20.33470024972421,18.96935550208959,-1.9959611414638303,-0.3303226752484427,-4.267503849562527,1.3653447476346194
1426283,33.84409211931659,38.31826893165982,17.499821419067047,12.92456305614265,26.971532188705034,31.94333888771227,17.622861451569655,10.707507781265388,-4.474176812343231,4.575258362924396,-4.971806699007235,6.915353670304267
1426284,35.673705272056296,41.23894966964668,18.27157129236792,15.403205900817772,22.11352921212894,35.71881478708545,30.153073334931108,24.076753006093995,-5.565244397590384,2.8683653915501477,-13.605285574956508,6.076320328837113
1426285,42.56995598947463,38.448745924926484,12.878934729721939,17.67359101109132,44.06027727150898,31.940516065717503,14.341805614327892,22.38633705127236,4.121210064548144,-4.794656281369383,12.119761205791477,-8.044531436944467
1426286,34.205401353854484,38.18866637614273,17.78154317204455,14.569817336912005,27.510013129742152,30.42120018525385,24.99844792754542,20.94836450518315,-3.9832650222882435,3.2117258351325457,-2.9111870555116965,4.05008342236227
1426287,37.25528484892048,34.2331443015545,15.852184679817181,18.609018354177213,26.444658137485302,32.412899570607735,19.471008560235298,30.530814122039487,3.0221405473659786,-2.7568336743600312,-5.968241433122433,-11.05980556180419
1426288,36.77499825536414,39.90993253586829,16.679001009896304,16.246764575082757,33.67964631733813,35.29344802632845,19.00886035740634,23.949730829254165,-3.1349342805041545,0.43223643481354657,-1.6138017089903158,-4.940870471847823
1426289,39.08832850268228,36.81981999941614,17.521648648670045,13.962906116365023,38.96253906155059,32.79002039385228,22.053824332462263,21.46557333574703,2.2685085032661405,3.558742532305022,6.172518667698313,0.5882509967152316
1426290,34.98104014932073,40.181388095677335,15.251673489226182,13.146353589561802,31.1261997339343,31.786316539017903,18.56206749941356,10.418465368095532,-5.200347946356608,2.10531989966438,-0.6601168050836037,8.143602131318026
1426291,36.93147398242653,36.56606924105929,14.544885728604132,18.18437897597948,30.943689562731137,38.24491288757862,17.90790124817615,30.236763468485577,0.365404741367243,-3.6394932473753485,-7.301223324847484,-12.328862220309428
1426292,39.18025766174345,32.481844214559,20.442610276723162,17.413891720573538,39.15797953151895,24.168724796365826,22.674283624192494,26.086417259211377,6.69841344718445,3.0287185561496237,14.989254735153121,-3.4121336350188827
1426293,34.82698373146045,39.99162917435576,16.578852555225854,15.206994757365942,28.66455083091376,34.99724541459574,17.360334692723065,21.10630176580943,-5.164645442895306,1.3718577978599118,-6.3326945836819775,-3.7459670730863657
1426294,40.18236534890158,37.356316062374866,17.580207285544326,16.409400051542455,40.2581295021973,34.773468729973324,17.892695539754364,18.76482037745316,2.826049286526711,1.1708072340018703,5.484660772223975,-0.8721248376987951
1426295,33.672959081109745,43.84327718626719,16.257778070035844,17.3444030214935,27.400887261513816,38.238176726262495,21.169004060451428,24.402097471978678,-10.170318105157442,-1.0866249514576545,-10.837289464748679,-3.23309341152725
1426296,35.565681947021325,39.28840105168091,18.623598764087426,12.217605124833517,34.42803384953626,31.449752076118987,26.316253418742544,14.447000536912956,-3.722719104659582,6.405993639253909,2.978281773417276,11.869252881829588
1426297,36.04041896233343,35.790510106867515,15.043260507939952,14.468172100216865,31.087785931334786,23.929188205647783,17.609680327873367,17.982823549516816,0.24990885546591812,0.5750884077230864,7.158597725687002,-0.37314322164344915
1426298,39.220757250038226,36.88467757143076,20.89826488008522,15.92805768127593,38.53007972012236,32.4534472487883,22.91628771715329,16.327383988661882,2.3360796786074687,4.970207198809291,6.076632471334058,6.588903728491406
1426299,34.9676403270076,37.45103843278043,14.58909284694775,17.94768991911704,28.86745423723091,34.573044957052446,18.48865390326941,21.009209538149054,-2.483398105772828,-3.358597072169289,-5.7055907198215365,-2.5205556348796456
1426300,39.277313671544256,40.59280474754893,18.059626691727917,13.436256829599085,41.33414738076264,31.57913938993513,18.345756780018313,14.254372444819754,-1.315491076004676,4.623369862128833,9.755007990827508,4.091384335198558
1426302,38.77923287104678,34.411451777135404,20.47245284008192,15.178728883190209,38.36163340611763,27.75994939263605,22.992771064542893,20.778185328185327,4.3677810939113755,5.2937239568917125,10.601684013481584,2.2145857363575665
1426303,34.58327218676124,35.5223068506225,18.984898968901895,15.793401341247886,33.690854574200536,34.0823161925368,25.31870221719092,18.543646011352546,-0.939034663861257,3.191497627654009,-0.39146161833626536,6.775056205838375
1426305,34.243193349963406,32.636265293038946,13.835810433699066,15.29870278594351,30.134211083020098,30.49019034526429,19.104953608383486,13.36054416612162,1.6069280569244597,-1.4628923522444435,-0.3559792622441904,5.7444094422618655
1426306,35.425604417743365,38.17701717373952,15.725870891889917,14.494305444053827,30.613845616980484,29.89362296181812,20.152745178556465,14.948882801236515,-2.7514127559961565,1.2315654478360898,0.7202226551623632,5.20386237731995
1426307,33.89604092883081,40.294865078477834,17.908649286835672,12.831335934270166,35.40017916471869,36.02476029437504,21.55021374232593,20.45828093094801,-6.398824149647027,5.077313352565506,-0.6245811296563488,1.0919328113779194
1426309,33.08221207441596,41.13618446753045,20.415806962013907,13.506230395221305,29.23279759537007,37.12585066593687,22.40726869084088,20.690323266777643,-8.053972393114485,6.909576566792602,-7.893053070566804,1.716945424063237
1426310,34.14474902260845,38.91809917755253,16.254308813514704,14.80417078600721,31.22316948839741,29.837521796317944,18.351970246099768,14.971125938074625,-4.773350154944076,1.450138027507494,1.3856476920794663,3.380844308025143
1426311,34.502673990762915,38.985379918386556,16.923131026575426,13.707280490008955,32.17978126804006,35.44202604328327,18.66166987998121,23.547280595576563,-4.482705927623641,3.215850536566471,-3.262244775243211,-4.885610715595352
1426312,35.65293600756235,36.40925983449076,21.097217390840164,13.539155703873647,29.480682656648487,35.1515750638841,22.12252498544213,23.530898250506915,-0.7563238269284085,7.558061686966518,-5.670892407235616,-1.4083732650647853
1473438,35.746958732592596,38.61126596027284,18.39295871598539,14.291647219352873,36.55779481023178,31.346999578157053,18.43894008940001,16.184335424034913,-2.864307227680243,4.101311496632517,5.21079523207473,2.254604665365097
1473439,34.906862902165294,35.29962225311166,16.91807545970509,19.681327513777727,32.581012775483934,36.01539536572649,22.48201840501718,22.832672898785408,-0.3927593509463634,-2.7632520540726375,-3.4343825902425564,-0.35065449376822855
1473440,34.44459227578839,37.10479538347688,15.924841868766771,16.071254186687202,30.084305763322895,33.950382653061226,19.988056724880675,17.866757507197146,-2.6602031076884955,-0.14641231792043108,-3.8660768897383306,2.1212992176835286
1473441,39.92663135058607,34.49808138773468,20.075839771244528,14.024067596900409,43.23461807800043,26.33650957903482,25.98914274322169,16.451119627987765,5.428549962851392,6.051772174344119,16.89810849896561,9.538023115233926
1473442,35.27384965937075,33.46758656268005,17.33343178909206,14.524696557834114,30.939830619336142,29.834704845226725,22.305507701704126,15.660568623126297,1.8062630966906994,2.8087352312579466,1.1051257741094176,6.6449390785778295
1473443,31.432980007117518,36.03800816338305,15.098638103937281,16.965468936401106,29.481927219247886,35.92980789953135,13.784692941888384,22.830728726821903,-4.605028156265529,-1.8668308324638243,-6.447880680283461,-9.046035784933519
1473444,33.86856347208589,37.975183834583056,15.885271314114025,20.07498463977277,27.82682265359764,37.49606335254725,20.576094736990264,22.92870612273525,-4.106620362497168,-4.189713325658744,-9.669240698949611,-2.3526113857449857
1473445,34.595288541420466,39.882388173119374,19.435439583905328,14.784211240554878,29.987264748682364,33.728257631523896,30.40008597102731,19.624442919285016,-5.287099631698908,4.65122834335045,-3.7409928828415318,10.775643051742293
1473446,37.81462211571167,32.79097737878438,17.653690452146318,13.387592482801324,33.48759920316775,28.10413650073228,21.897051989552516,14.574570815912477,5.023644736927288,4.266097969344994,5.383462702435466,7.322481173640039
1473447,41.500820534598766,40.16040395757281,18.798143402614862,18.718530614520468,40.54240679540223,41.903725643580955,24.229115957240957,23.20158683850083,1.3404165770259553,0.0796127880943942,-1.3613188481787262,1.0275291187401265
1473448,33.869692409630275,34.31094968287559,21.148019289382557,15.611529088655018,33.1925143551009,31.473772554318405,28.49559384652656,22.150809511565324,-0.44125727324531283,5.536490200727538,1.7187418007824924,6.344784334961236
1473449,35.34469225644314,32.41315374460047,19.480548372939847,20.801888782861248,36.129595030725824,27.75779664980533,20.755746743982996,24.051464423877057,2.9315385118426676,-1.321340409921401,8.371798380920495,-3.295717679894061
1473450,34.30515320075633,41.09679925323822,17.754906783577592,15.167171569332709,30.17590149637036,33.88034635688326,19.899781404857972,16.189426148444433,-6.791646052481887,2.5877352142448835,-3.704444860512897,3.710355256413539
1473451,38.17406007427249,39.61259633216273,17.631991047899163,17.27765882190323,24.57286661818129,33.94426336074082,15.67879280363278,20.549480267449088,-1.4385362578902416,0.3543322259959325,-9.37139674255953,-4.870687463816308
1473452,33.32899698182741,39.9934063675859,18.978132329204108,23.223287375075913,36.59895589533281,41.87458984694482,17.997223488193246,29.080932696002026,-6.664409385758489,-4.245155045871805,-5.275633951612015,-11.08370920780878
1473453,34.530873748614745,35.1490907581546,17.91120231035903,26.628986237713356,29.597030375839413,28.973809568627594,19.37976698111922,30.363839417031862,-0.6182170095398547,-8.717783927354326,0.623220807211819,-10.98407243591264
1473454,33.327119795063346,43.42785586996765,22.034662762994326,18.673501211833344,29.17581028430179,48.70106354544115,26.66522194834301,23.929585048935714,-10.100736074904304,3.3611615511609827,-19.525253261139362,2.7356368994072966
1473455,37.306803977529434,33.427359237419886,16.038225721163506,14.197657490190654,35.40655071722899,30.14791972530317,16.27772125174052,20.18083124112585,3.879444740109548,1.8405682309728526,5.25863099192582,-3.9031099893853316
1473456,34.545099144546676,36.04980753618726,19.761997712580765,17.12560969279902,36.65623108681538,27.95611655081298,19.769634556562774,17.495549926163033,-1.504708391640584,2.6363880197817444,8.700114536002403,2.2740846303997415
1473457,35.59303644742134,36.998820457567774,17.994936040802376,18.524053894090024,26.184923434814603,40.2233666304216,15.480253112888366,23.74020661264749,-1.4057840101464336,-0.5291178532876479,-14.038443195606998,-8.259953499759124
1473458,35.13383378454616,38.15761273051045,19.088779542864465,14.568191241787833,30.053271385907664,33.79226758632846,19.22787918629914,19.106422590826288,-3.0237789459642883,4.520588301076632,-3.738996200420793,0.12145659547285348
1473459,33.05645388149765,33.734729773510075,20.990095133094165,16.79910965337304,28.794607006932125,30.62450451479742,26.61954476718679,21.714179054939258,-0.6782758920124223,4.190985479721125,-1.8298975078652937,4.905365712247534
1473460,37.14229784631115,34.48020799211345,18.117656756680258,15.551159218947726,30.73714413002654,33.83003217534989,19.497806023560017,22.267256060502966,2.6620898541977027,2.5664975377325323,-3.0928880453233525,-2.769450036942949
1473461,39.09254404373219,38.17484603671186,18.88577841587513,15.602281305434133,38.9325568389926,33.80065315705567,23.807599372946857,19.5201680073227,0.9176980070203271,3.2834971104409973,5.131903681936933,4.287431365624158
1473462,34.08883716097251,33.20596217322003,15.947639372738724,16.2496791296496,28.724905088589775,29.684725956786163,14.598605650575994,14.658517721640248,0.88287498775248,-0.3020397569108759,-0.9598208681963882,-0.05991207106425378
1473463,37.83370727223107,34.90312496007207,18.610814525358627,17.066576230338022,30.810452043270402,26.382098049440145,16.774649533296248,16.842958085231995,2.9305823121589967,1.5442382950206053,4.428353993830257,-0.06830855193574692
1473464,35.781871193691245,34.373170407557296,15.579508595253461,18.471562860538224,33.915773151552614,35.592020281467725,21.728767097504473,23.39374710569666,1.4087007861339487,-2.892054265284763,-1.6762471299151116,-1.6649800081921882
1473465,33.83010649700366,35.623123602183576,17.54259977240802,15.126016591020536,30.08347875780658,33.12241852761244,22.480631237485476,19.056823778453612,-1.7930171051799135,2.4165831813874856,-3.0389397698058573,3.4238074590318632
1473466,37.58621715689926,35.63833881905469,19.310761845612642,16.963636530450408,43.86650154713727,30.48393456301709,24.99153173822991,19.06361647332487,1.9478783378445712,2.347125315162234,13.382566984120178,5.927915264905039
1473467,32.80498777419035,35.914994578852436,18.265776749474053,17.814056209323567,28.99655389873289,29.43248799153939,25.880910003871218,18.3386131329718,-3.110006804662085,0.451720540150486,-0.4359340928064981,7.542296870899417
1473468,34.74422786460261,38.360061496201666,18.67480786891175,13.957338175464987,36.73807541469509,40.02749370257567,18.961327403890994,16.56531883291898,-3.6158336315990596,4.717469693446763,-3.2894182878805793,2.3960085709720147
1473470,35.71545030682075,37.2349444437853,15.289763128162525,19.717610920096213,30.88853087058324,38.92091122473987,18.442095812344633,24.715011838918656,-1.5194941369645534,-4.427847791933688,-8.03238035415663,-6.272916026574023
1473471,36.31609777774563,38.941627969917384,14.250234700348528,14.334212035868708,34.18540631053132,35.948432997059044,15.125946363191261,18.771124542478073,-2.6255301921717518,-0.08397733552017961,-1.7630266865277235,-3.6451781792868125
1473472,35.95885826367249,38.147655637804185,19.42797296664852,18.979679933967304,37.751381033182504,30.57971028047475,24.441974543676107,16.438199071067487,-2.1887973741316955,0.44829303268121734,7.171670752707755,8.00377547260862
1473473,35.77329546978518,35.24881668985203,16.93285950778644,16.388715223328056,28.620903915658985,34.602327208877696,17.798060296456526,22.073258396955122,0.5244787799331547,0.5441442844583833,-5.981423293218711,-4.275198100498596
1473474,35.22708790921082,36.28594770942712,15.90942654142276,14.913012044893899,33.50271290057006,30.994484977889293,16.06705634363849,18.4750880716366,-1.0588598002162968,0.9964144965288622,2.508227922680767,-2.4080317279981074
1473475,36.369244660438255,36.31371844531448,18.19511344289889,20.08418988542639,39.11825519681557,30.175637620084142,25.82798805690657,24.61564207919092,0.05552621512377698,-1.8890764425275002,8.942617576731426,1.2123459777156498
1473476,41.007041484170685,35.386785148138664,19.389234892224774,20.38913384625709,30.876903564127165,36.52458175243212,17.176064164760344,17.8040446799407,5.620256336032021,-0.9998989540323144,-5.647678188304955,-0.6279805151803544
1473477,36.02307490405368,36.3120940465745,17.65118040640766,15.567992310652205,27.67567399229249,28.690309228408736,20.517882122424528,17.56708130596727,-0.2890191425208215,2.0831880957554567,-1.014635236116245,2.9508008164572566
1473478,37.9303381866571,36.539357540397354,17.30558484304018,17.641886671670598,30.261208012489774,38.57664005122943,18.361578244833954,28.436196286395482,1.3909806462597487,-0.33630182863041824,-8.315432038739658,-10.074618041561529
1473479,36.97087462991663,36.723065464156676,15.972456148327003,15.632274736364735,36.06506658732292,34.13710692253872,21.462697627941402,18.234486003382983,0.2478091657599535,0.34018141196226814,1.927959664784197,3.228211624558419
1473480,34.10757772663713,36.04950654573813,17.463157645792982,14.120016710329622,32.529898989898996,34.147650303495034,29.719042086287804,22.360362886325113,-1.9419288191010011,3.34314093546336,-1.6177513135960382,7.35867919996269
1473482,37.65396685775833,38.604159911419416,15.247975836601444,18.308460787026046,33.03198051948052,32.46421920185078,18.438885723224846,20.589423528606332,-0.9501930536610885,-3.060484950424602,0.5677613176297385,-2.150537805381486
1473483,37.492638796605036,34.4535555882561,17.453566315102524,16.068192321736582,37.430699938871875,32.17663849813629,20.746627245612185,19.351984859463087,3.0390832083489343,1.385373993365942,5.254061440735583,1.3946423861490977
1473484,37.695953615437965,37.48381393432668,20.270231153278836,15.09144537613368,30.832735543860533,30.838760880060388,18.60471231057405,19.695834485733698,0.21213968111128167,5.178785777145155,-0.006025336199854792,-1.0911221751596472
1473485,37.09897624766534,34.77376209883792,15.806025855036301,19.32994529371245,37.41040894961769,36.5116669276442,20.06101525873925,18.261851665851676,2.3252141488274205,-3.523919438676147,0.8987420219734901,1.7991635928875738
1473486,32.989249167568055,33.77474892145953,16.390123766290714,16.606322569211287,30.71699727209362,33.15940450968564,28.977341502895506,16.691382087464234,-0.7854997538914787,-0.21619880292057303,-2.442407237592022,12.285959415431272
1473487,39.02257318473145,40.98626844229205,17.97782132926118,15.694399389775631,27.660195397945664,38.870882375961386,29.473719686351167,17.828236308793112,-1.9636952575606017,2.2834219394855477,-11.210686978015723,11.645483377558055
1473488,38.965683010546336,34.462890436325274,19.791203839473937,15.003308949296294,31.257958574270738,34.36488302778011,22.065511055250454,22.70669153779514,4.502792574221061,4.787894890177643,-3.1069244535093716,-0.6411804825446872
1473489,32.16897138299303,36.52066698044206,15.993310924469531,16.846860601769045,28.716420729474226,34.33545857160614,28.868209578497254,23.705162562314364,-4.35169559744903,-0.8535496772995135,-5.619037842131913,5.16304701618289
1473490,33.479074847718316,37.833391889348924,19.613629422783646,15.96621598018728,36.44915261606493,37.94302674583643,18.011271440294053,20.241853640939006,-4.354317041630608,3.647413442596365,-1.4938741297714984,-2.230582200644953
1473491,35.485598349634216,35.3902089290434,15.341486029088397,16.505035210765293,29.360449359728925,32.81645207872198,18.86688090969243,15.547453698951987,0.09538942059081279,-1.1635491816768955,-3.456002718993055,3.319427210740443
1473493,40.081250957829305,40.977103477267356,19.767570330717966,21.553004966545554,31.60949017334041,34.62479761310119,21.37999113427319,23.277269946440114,-0.8958525194380513,-1.7854346358275883,-3.0153074397607753,-1.897278812166924
1473494,37.157581765121385,34.37070624071871,15.477935329435633,18.918111102991254,34.61522011326275,36.389983645316676,24.79571957484249,18.06004989846258,2.7868755244026744,-3.4401757735556213,-1.7747635320539246,6.73566967637991
1473497,35.813882785958434,39.12447264787162,16.53320942748362,12.15943369286156,35.24199746404725,37.6959643516078,14.72888757162922,17.229739554815293,-3.3105898619131864,4.373775734622059,-2.453966887560547,-2.500851983186072
1473498,37.64591410352955,45.0537340055572,15.473605423545228,18.874723672154342,33.97444559141286,31.64645776284126,22.445643001022475,22.443821247348,-7.407819902027654,-3.401118248609114,2.327987828571601,0.0018217536744735696
1473499,34.78032696091694,33.970958868878334,16.068679096324754,17.661738894895205,29.17490386245284,31.99181769595854,20.117088388182438,24.274356100211087,0.8093680920386035,-1.5930597985704509,-2.8169138335057013,-4.1572677120286485
1473500,40.5219938106659,38.74870298485876,15.32265965601944,12.881505312402254,39.451997427859496,36.124610892679584,24.81242889892242,15.851639829234015,1.7732908258071376,2.4411543436171854,3.3273865351799117,8.960789069688404
1473501,37.7918979045675,37.89249204955206,13.670521706141622,17.693899130183308,37.8215438621124,31.40037206310799,19.555279436512937,18.561815514087417,-0.1005941449845622,-4.023377424041685,6.421171799004409,0.9934639224255193
1473502,41.065939069245374,36.71547371604312,16.834065873052783,12.28344867889868,32.63060844183359,27.17265498487015,22.38388118665349,14.693460071367047,4.350465353202253,4.550617194154103,5.457953456963438,7.690421115286442
1473503,38.35193621463453,34.88838781554351,17.395268268540608,17.642919629842563,39.37265164889579,34.227704532598516,24.69241207098208,26.70826717120773,3.4635483990910174,-0.24765136130195486,5.144947116297274,-2.01585510022565
1473504,36.5850621417936,40.82147116086416,14.143281042003048,15.742968729779061,37.93264597138192,31.707840516795834,24.445798611474707,20.813440335272855,-4.236409019070557,-1.5996876877760133,6.22480545458609,3.6323582762018525
1473505,35.06592468733076,37.34599433791779,20.000573789787126,18.62971813853646,36.58261003550997,33.6840166407879,20.59071730702712,27.72318580914254,-2.2800696505870306,1.3708556512506647,2.89859339472207,-7.132468502115419
1473506,38.5099435796038,36.56396474781907,21.812076701044884,16.480490269675414,31.498367128378593,34.674420877942865,23.11884843138697,14.406675028156846,1.9459788317847284,5.33158643136947,-3.1760537495642716,8.712173403230123
1473507,35.058464175169284,33.92856949646967,18.099633737705066,13.87908168121237,31.653627152010348,31.138856241676244,20.399545803229714,16.2144200284816,1.129894678699614,4.220552056492696,0.5147709103341036,4.185125774748112
1473508,36.50410652708456,37.36082715115395,15.763456510654308,14.430140564190458,36.886192476279184,30.6113846851332,15.206524558976131,19.000303796093984,-0.8567206240693892,1.3333159464638502,6.274807791145985,-3.793779237117853
1473509,37.873746617329736,37.585828571638636,15.607131345217033,19.62431318836797,32.28968188553743,29.122930701230786,20.237033458123626,21.381120548864544,0.28791804569110013,-4.017181843150938,3.166751184306648,-1.1440870907409177
1473510,37.582462911432685,35.516237972128906,21.003518154049818,15.20272013003314,29.344227873109684,33.2803992661333,23.35598364159306,14.98330013388427,2.0662249393037797,5.800798024016679,-3.936171393023617,8.372683507708789
1473511,37.059444527729774,36.53045006886921,15.428401699153167,15.758357267813206,35.248962135308375,35.20848403606179,15.401979734655379,18.731236832036906,0.5289944588605664,-0.32995556866003994,0.04047809924658452,-3.329257097381527
1485779,33.64548072463517,36.723549512128464,14.739603430384957,14.116418859182957,34.145138309763404,34.11348820305634,22.629398423999536,12.800210383245552,-3.0780687874932937,0.6231845712019997,0.03165010670706181,9.829188040753984
